insert into ottawaspoon.rater (userId,e_mail,name,type,join_date,reputation,password) values
('1','home@canada.home','Parami','blog','Thu Jun 14 13:57:23 EDT 2007',3,'cccc'),
('2','oh@simpson.homer','Steve','food critic','Fri Aug 17 18:32:31 EDT 1945',4,'cccc'),
('3','fun@fun.fun','Artem','food critic','Tue Oct 29 07:51:48 EST 1940',2,'bbbb'),
('4','oh@simpson.homer','Aleks','online','Fri Apr 03 22:52:53 EST 1981',3,'cccc'),
('5','home@canada.home','Josh','blog','Sat Oct 16 16:05:16 EDT 1993',5,'1111'),
('6','home@canada.home','Alen','online','Sun Dec 15 21:08:33 EST 1957',1,'bbbb'),
('7','hi@what.see','Josh','food critic','Fri Jul 22 05:45:28 EDT 1988',2,'aaaa'),
('8','fun@fun.fun','Just Batman','blog','Sat Nov 18 09:34:59 EST 2006',2,'bbbb'),
('9','hi@what.see','Steven','blog','Fri Oct 04 06:40:47 EDT 2002',5,'1111'),
('10','hi@what.see','HisName','food critic','Thu Mar 03 23:01:16 EST 1988',2,'cccc'),
('11','fun@fun.fun','Robin','food critic','Fri Sep 03 07:58:50 EDT 1971',4,'aaaa'),
('12','hi@what.see','Barbara','online','Tue Feb 09 00:43:57 EDT 1943',5,'cccc'),
('13','fun@fun.fun','Baraque','food critic','Tue Jul 07 14:23:02 EDT 1953',1,'cccc'),
('14','home@canada.home','Vladimir','food critic','Fri Dec 15 20:53:37 EST 1989',2,'bbbb'),
('15','home@canada.home','Donald','food critic','Sat Apr 12 23:58:11 EDT 1975',3,'aaaa'),
('16','hi@what.see','Vader','food critic','Thu Feb 05 04:29:42 EST 1970',2,'1111'),
('17','fun@fun.fun','C3PO','blog','Wed Mar 20 19:52:22 EST 1940',1,'cccc')
;insert into ottawaspoon.restaurant(restaurantID,name,type,url) values(1,'King for the people','thai','www.form.com'),
(2,'Chopped head','russian','www.hat.co'),
(3,'Mug you','indian','www.das.ca'),
(4,'Not welcome','russian','www.das.ca'),
(5,'Dead on the inside','ucranian','www.das.ca'),
(6,'You Fool!','georgian','www.hat.co'),
(7,'Come come','chineese','www.ed.fred'),
(8,'I know what you did last summer','russian','www.hat.co'),
(9,'You eat we see','italian','www.form.com'),
(10,'Hi how are you','ucranian','www.das.ca'),
(11,'Strange soup','russian','www.form.com'),
(12,'Cooking on your head','thai','www.hat.co')
;insert into ottawaspoon.rating (userId,date,price,food,mood,staff,comment,restaurantID) values
(2,'Fri Jan 26 05:53:10 EST 1940',4,3,3,1,'How can you not love this place',7),
(2,'Tue Dec 04 00:17:40 EST 1956',4,2,4,1,'I was never so happy',5),
(2,'Tue May 01 10:22:21 EDT 1973',3,4,1,5,'I was never so happy',6),
(2,'Sat Aug 15 01:39:29 EDT 1987',3,3,5,4,'I was never so happy',4),
(2,'Wed Apr 23 01:38:50 EDT 1997',5,4,4,3,'I was never so happy',12),
(2,'Fri Feb 22 13:24:51 EST 2008',1,4,3,3,'How can you not love this place',7),
(2,'Wed Feb 23 05:31:42 EST 2005',4,4,3,1,'I was never so happy',1),
(2,'Fri Sep 09 23:01:01 EDT 1955',4,2,5,5,'I was never so happy',10),
(2,'Fri Jun 14 01:38:23 EDT 1968',2,3,1,2,'I like it',3),
(2,'Sat Jul 18 20:55:18 EDT 2009',1,2,5,2,'I was never so happy',6),
(3,'Tue Dec 07 10:10:02 EST 1965',5,3,5,1,'I was never so happy',4),
(3,'Sun Mar 10 06:39:50 EST 1968',5,4,5,3,'It was bad',6),
(3,'Sat Sep 11 08:09:29 EDT 1954',3,2,4,2,'I like it',4),
(3,'Sat Sep 14 05:54:54 EDT 1974',5,1,5,4,'It was bad',2),
(3,'Thu Sep 08 23:38:29 EDT 1983',2,3,4,5,'I was never so happy',2),
(3,'Sat Jul 24 12:17:42 EDT 1943',3,3,4,5,'I was never so happy',4),
(3,'Mon Jul 05 04:11:32 EDT 2004',3,4,5,4,'It was bad',1),
(3,'Tue Apr 02 21:47:27 EST 1946',5,5,4,4,'I was never so happy',9),
(3,'Tue Jul 10 07:42:08 EDT 1984',5,2,2,2,'I like it',8),
(3,'Sun Oct 14 02:30:06 EDT 2001',3,2,4,5,'It was bad',8),
(4,'Fri Mar 06 00:37:26 EST 1998',2,5,4,4,'It was bad',1),
(4,'Sun Apr 26 11:24:56 EDT 1942',3,1,4,5,'How can you not love this place',6),
(4,'Wed Jul 30 06:15:14 EDT 1975',4,1,4,2,'I was never so happy',2),
(4,'Sat Apr 08 20:09:37 EST 1967',4,1,3,3,'I was never so happy',10),
(4,'Sat Nov 27 11:32:54 EST 1965',2,4,2,4,'How can you not love this place',3),
(4,'Wed Dec 24 12:51:55 EST 1941',4,3,5,3,'How can you not love this place',6),
(4,'Mon Jul 14 09:06:39 EDT 1986',5,5,1,1,'It was bad',5),
(4,'Tue Apr 08 15:54:45 EST 1958',4,3,3,1,'I like it',3),
(4,'Sun Oct 29 22:36:56 EST 1995',4,5,2,5,'I like it',3),
(4,'Thu Jun 22 18:45:06 EDT 1950',5,3,4,4,'How can you not love this place',4),
(5,'Fri Feb 28 15:07:01 EST 1997',1,1,2,5,'How can you not love this place',3),
(5,'Sat Jun 15 09:49:38 EDT 1957',2,3,3,1,'How can you not love this place',12),
(5,'Tue Jun 05 21:17:01 EDT 2001',2,2,3,4,'I was never so happy',10),
(5,'Sun Oct 16 17:41:26 EDT 1960',2,5,5,1,'It was bad',3),
(5,'Sat Jan 27 04:59:16 EST 1940',5,2,3,3,'I like it',10),
(5,'Sat Dec 13 09:55:42 EST 1986',1,4,5,2,'I was never so happy',9),
(5,'Sun Feb 23 17:32:57 EST 2003',3,2,1,4,'I like it',7),
(5,'Thu Dec 14 17:26:01 EST 1978',5,5,5,1,'I like it',10),
(5,'Sat Feb 06 23:21:27 EST 1965',2,4,5,3,'How can you not love this place',9),
(5,'Wed Mar 25 16:39:08 EST 1987',1,4,3,1,'I was never so happy',11),
(6,'Fri Oct 23 19:41:52 EDT 1992',3,4,1,2,'I like it',4),
(6,'Sun Jul 21 03:09:20 EDT 1996',1,2,1,5,'How can you not love this place',2),
(6,'Mon Nov 27 05:23:39 EST 1989',3,1,4,4,'I like it',1),
(6,'Thu May 06 16:06:06 EDT 1948',3,2,5,1,'How can you not love this place',12),
(6,'Thu Oct 01 11:16:47 EDT 1970',1,4,2,3,'I like it',12),
(6,'Sat Apr 21 11:29:51 EST 1984',3,3,5,5,'It was bad',8),
(6,'Tue Feb 17 03:11:41 EST 2004',5,1,1,3,'How can you not love this place',4),
(6,'Thu Dec 21 14:36:59 EST 1989',4,5,2,5,'It was bad',10),
(6,'Tue Apr 23 00:51:46 EST 1957',2,3,5,1,'I was never so happy',12),
(6,'Tue Apr 07 03:28:54 EST 1959',3,2,2,3,'I like it',11),
(7,'Thu May 11 09:10:16 EDT 1967',3,5,4,4,'I like it',7),
(7,'Mon Mar 12 08:13:07 EDT 2007',5,3,4,4,'I was never so happy',2),
(7,'Fri Nov 23 06:09:36 EST 1951',2,3,4,1,'How can you not love this place',5),
(7,'Wed Jun 18 03:51:39 EDT 1947',5,1,5,5,'How can you not love this place',3),
(7,'Mon Apr 30 23:29:58 EDT 1962',2,3,5,5,'How can you not love this place',11),
(7,'Tue Oct 23 03:10:08 EDT 1990',1,1,4,2,'I like it',11),
(7,'Thu Jan 01 07:54:17 EST 1953',2,4,4,4,'I was never so happy',6),
(7,'Tue Jun 12 14:43:02 EDT 1979',1,2,4,3,'How can you not love this place',3),
(7,'Tue Jul 22 09:05:54 EDT 1969',5,1,1,2,'I was never so happy',3),
(7,'Thu Oct 27 14:24:35 EDT 2005',3,2,1,3,'How can you not love this place',7),
(8,'Sat Jul 25 09:19:02 EDT 1953',2,4,5,2,'How can you not love this place',2),
(8,'Thu Mar 09 01:34:00 EDT 1944',5,2,1,4,'I was never so happy',12),
(8,'Fri Sep 08 10:17:05 EDT 1972',4,3,4,3,'It was bad',8),
(8,'Wed Sep 01 20:08:46 EDT 1993',2,5,2,1,'I like it',3),
(8,'Wed Sep 03 15:22:12 EDT 1997',4,5,2,3,'How can you not love this place',1),
(8,'Wed May 08 12:40:43 EDT 1991',5,5,3,1,'I like it',7),
(8,'Thu Jul 10 22:09:10 EDT 1975',5,1,5,3,'I like it',5),
(8,'Thu Jan 20 19:14:14 EST 2000',1,1,1,3,'I like it',5),
(8,'Fri Jan 24 05:37:55 EST 1947',4,2,4,5,'I like it',5),
(8,'Fri Jul 07 21:33:17 EDT 1944',5,1,4,5,'How can you not love this place',12),
(9,'Sat Aug 15 22:15:26 EDT 1992',3,1,4,4,'I was never so happy',8),
(9,'Wed Oct 29 10:00:19 EST 1952',1,1,5,2,'I was never so happy',8),
(9,'Fri Feb 21 00:52:10 EST 1964',3,2,2,4,'I like it',5),
(9,'Fri Oct 14 00:26:02 EST 1949',4,1,4,5,'How can you not love this place',1),
(9,'Wed Jan 13 14:38:27 EST 1982',5,3,3,3,'How can you not love this place',12),
(9,'Sun May 06 13:51:08 EDT 1973',2,5,5,3,'I like it',1),
(9,'Sat May 25 10:53:45 EDT 1991',2,4,1,4,'It was bad',7),
(9,'Tue Oct 04 17:55:44 EDT 1966',5,5,4,1,'How can you not love this place',12),
(9,'Sun Sep 10 22:24:08 EDT 1978',3,5,2,4,'It was bad',8),
(9,'Mon Sep 23 20:14:03 EDT 2002',3,2,2,5,'I like it',1),
(10,'Mon Jan 27 16:00:41 EST 1964',3,5,5,5,'I like it',12),
(10,'Sun Mar 28 01:14:53 EST 1954',2,2,1,4,'How can you not love this place',4),
(10,'Mon Jul 15 18:57:52 EDT 1946',3,3,1,5,'I like it',10),
(10,'Tue Feb 07 13:47:54 EST 1956',4,4,3,3,'I like it',5),
(10,'Sat Jan 25 23:38:35 EST 1969',5,5,4,3,'I was never so happy',3),
(10,'Fri Dec 11 22:12:53 EST 2009',5,5,1,5,'I was never so happy',9),
(10,'Tue May 20 04:32:40 EDT 1969',3,5,1,5,'I was never so happy',4),
(10,'Wed Aug 08 11:26:10 EDT 1973',1,1,3,3,'I like it',8),
(10,'Fri Aug 06 23:44:23 EDT 1943',3,3,4,4,'How can you not love this place',2),
(10,'Tue Oct 23 18:11:10 EST 1945',3,1,5,5,'I like it',8),
(11,'Sat May 26 17:09:02 EDT 1984',5,4,2,1,'It was bad',9),
(11,'Thu Jan 02 04:37:16 EST 1947',1,3,1,4,'How can you not love this place',3),
(11,'Tue Nov 15 22:51:52 EST 1977',5,3,4,1,'I like it',10),
(11,'Thu May 23 13:17:47 EDT 1991',3,1,5,2,'I was never so happy',12),
(11,'Fri Sep 25 15:50:20 EDT 2009',2,4,5,3,'I was never so happy',11),
(11,'Sat Nov 19 16:16:22 EST 1960',1,4,1,2,'How can you not love this place',1),
(11,'Wed Oct 05 10:40:26 EDT 1966',2,5,2,4,'I like it',2),
(11,'Wed May 13 07:59:02 EDT 1981',2,1,3,4,'I like it',3),
(11,'Tue Apr 10 21:19:22 EST 1973',1,5,4,3,'I like it',8),
(11,'Tue Aug 29 00:26:35 EDT 1944',1,3,4,1,'I was never so happy',2),
(12,'Sat Nov 17 07:42:22 EST 1990',3,3,3,3,'I was never so happy',12),
(12,'Tue Jan 28 15:33:44 EST 1997',2,3,1,4,'It was bad',12),
(12,'Tue Jan 08 23:09:00 EST 1963',4,3,1,3,'I was never so happy',9),
(12,'Sun Jul 04 16:38:11 EDT 1993',5,1,2,4,'How can you not love this place',7),
(12,'Sat Mar 14 11:46:29 EDT 1942',2,5,5,2,'How can you not love this place',4),
(12,'Fri Mar 02 08:51:50 EST 2007',4,3,5,5,'How can you not love this place',9),
(12,'Thu Feb 04 23:00:34 EST 1960',3,3,1,1,'How can you not love this place',9),
(12,'Sun Oct 21 06:03:59 EST 1945',5,5,1,2,'It was bad',5),
(12,'Wed Dec 19 09:45:01 EST 1973',4,3,2,1,'How can you not love this place',10),
(12,'Thu Aug 21 20:10:51 EDT 1947',5,1,2,1,'I like it',5),
(13,'Tue Apr 07 23:51:14 EDT 1942',4,3,3,5,'I was never so happy',6),
(13,'Tue Apr 15 04:16:58 EST 1969',1,1,4,4,'I like it',5),
(13,'Wed Mar 19 05:16:11 EST 1952',2,1,1,3,'I was never so happy',10),
(13,'Fri Jan 14 09:38:13 EST 1955',4,5,3,2,'How can you not love this place',10),
(13,'Mon Jan 17 17:05:23 EST 1949',1,5,3,2,'It was bad',9),
(13,'Sun Aug 18 07:59:39 EDT 1991',1,4,3,1,'How can you not love this place',6),
(13,'Wed Feb 15 08:26:03 EST 1950',3,4,5,4,'I was never so happy',10),
(13,'Sat Dec 12 22:23:10 EST 1987',1,4,3,2,'I was never so happy',8),
(13,'Sat Nov 03 13:15:38 EST 1951',3,4,1,2,'I like it',9),
(13,'Wed Jun 09 08:14:22 EDT 1982',4,5,2,4,'It was bad',11),
(3,'Sat Oct 28 08:43:36 EDT 1995',2,2,2,3,'How can you not love this place',3),
(3,'Wed Jun 06 04:46:07 EDT 2007',2,4,4,5,'How can you not love this place',3),
(3,'Fri Jan 19 00:00:00 EST 2018',2,4,5,3,'How can you not love this place',3),
(3,'Fri Feb 19 00:00:00 EST 2016',2,5,5,5,'It was bad',3)
;insert into ottawaspoon.location(locationId,open_Date,manager,phone,address,hours_open,hours_close,restaurantID) values(1,'Fri Feb 13 22:42:22 EDT 1942','Donald','613whattoDO','34 Johnson',12,20,11),
(2,'Mon Feb 22 07:48:44 EST 1971','Donald','3431249817','12 Eldgin',7,13,4),
(3,'Fri Jan 06 00:15:49 EST 1961','HisName','613whattoDO','33 Bronson',4,16,12),
(4,'Thu Dec 31 00:26:53 EST 1981','Barbara','24981730','33 Bronson',1,23,12),
(5,'Mon Oct 21 07:47:54 EDT 1968','Aleks','24981730','33 Bronson',7,17,9),
(6,'Sun Feb 05 14:03:54 EST 1956','Alen','342329387432222hi','33 Bronson',4,13,5),
(7,'Sun May 12 02:05:51 EDT 2002','Baraque','24981730','12 Hopekin',7,14,6),
(8,'Fri Apr 25 11:57:38 EST 1958','Vladimir','613whattoDO','34 Johnson',6,21,10),
(9,'Sun Sep 30 21:42:16 EDT 2007','Alen','24981730','34 Johnson',1,18,1),
(10,'Fri Dec 15 12:01:04 EST 2006','Parami','613whattoDO','12 Hopekin',0,18,4),
(11,'Mon Jan 08 22:25:28 EST 2001','Robin','3431249817','33 Bronson',5,17,9),
(12,'Wed Jul 26 12:11:54 EDT 2000','Barbara','613whattoDO','34 Johnson',4,19,11)
;insert into ottawaspoon.MenuItem(itemID,name,type,category,description,price,restaurantID) values
(1,'ice on ice','food','starter','Try to eat me',77,3),
(2,'meat','beverage','main','Drink and you die',30,11),
(3,'fish','food','desert','You can eat me',12,8),
(4,'fish','food','desert','You are dead',66,1),
(5,'bear with beer','food','main','Drink and you die',59,7),
(6,'bear with beer','beverage','starter','You can eat me',81,10),
(7,'meat','beverage','desert','You are dead',87,12),
(8,'fish','food','desert','You are dead',50,7),
(9,'rice','beverage','main','You can eat me',22,1),
(10,'fish','beverage','desert','Try to eat me',18,1),
(11,'ice on ice','beverage','desert','Try to eat me',75,12),
(12,'fish','food','starter','Try to eat me',35,6),
(13,'bear with beer','food','starter','You are dead',41,2),
(14,'rice','food','desert','Drink and you die',77,7),
(15,'meat','food','main','Drink and you die',23,4),
(16,'ice on ice','beverage','main','You can eat me',13,10),
(17,'fish','beverage','main','You are dead',55,8),
(18,'rice','beverage','desert','Try to eat me',1,9),
(19,'fish','food','desert','Try to eat me',13,12),
(20,'ice on ice','food','starter','You are dead',22,4),
(21,'pear','beverage','starter','You can eat me',46,7),
(22,'rice','food','desert','Try to eat me',5,7),
(23,'ice on ice','beverage','main','Try to eat me',92,8),
(24,'meat','beverage','desert','You can eat me',98,3),
(25,'ice on ice','beverage','desert','Try to eat me',50,2),
(26,'rice','food','starter','Drink and you die',86,2),
(27,'pear','beverage','main','Try to eat me',24,9),
(28,'ice on ice','beverage','desert','You are dead',28,2),
(29,'bear with beer','beverage','main','Try to eat me',38,1),
(30,'rice','beverage','desert','Try to eat me',84,11),
(31,'rice','food','starter','You are dead',23,10),
(32,'rice','food','desert','You are dead',79,6),
(33,'rice','food','desert','Drink and you die',11,11),
(34,'fish','food','starter','You are dead',82,4),
(35,'rice','food','main','Try to eat me',38,8),
(36,'fish','food','main','Drink and you die',67,4)
;insert into ottawaspoon.ratingItem(userId,date,itemID,itemRating,comment) values(5,'Sun Feb 23 17:32:57 EST 2003',35,2,'Tried and died'),
(3,'Sat Sep 14 05:54:54 EDT 1974',22,2,'Hope could eat again'),
(11,'Fri Sep 25 15:50:20 EDT 2009',33,5,'Seen people die trying'),
(3,'Thu Sep 08 23:38:29 EDT 1983',19,2,'Love it'),
(2,'Sat Aug 15 01:39:29 EDT 1987',29,4,'Love it'),
(13,'Fri Jan 14 09:38:13 EST 1955',7,3,'Love it'),
(8,'Thu Mar 09 01:34:00 EDT 1944',22,4,'Hope could eat again'),
(12,'Fri Mar 02 08:51:50 EST 2007',3,4,'Seen people die trying'),
(3,'Thu Sep 08 23:38:29 EDT 1983',20,3,'Hope could eat again'),
(4,'Fri Mar 06 00:37:26 EST 1998',11,3,'Hope could eat again')