insert into ottawaspoon.rater (userId,e_mail,name,type,join_date,reputation,password) values
('1','oh@simpson.homer','Donald','blog','1999-04-19',3,'bbbb'),
('2','home@canada.home','Baraque','food critic','2008-08-16',3,'cccc'),
('3','home@canada.home','Artem','food critic','1981-09-22',4,'1111'),
('4','hi@what.see','Josh','online','1989-01-18',2,'bbbb'),
('5','oh@simpson.homer','Artem','food critic','2000-03-02',1,'bbbb'),
('6','home@canada.home','Artem','online','1952-08-23',4,'cccc'),
('7','oh@simpson.homer','Josh','food critic','2005-02-25',1,'cccc'),
('8','fun@fun.fun','Steve','online','1977-08-15',2,'cccc'),
('9','hi@what.see','Vladimir','blog','1966-05-23',5,'1111'),
('10','oh@simpson.homer','Alen','blog','1947-01-25',3,'1111'),
('11','fun@fun.fun','Alen','blog','1953-07-05',5,'cccc'),
('12','fun@fun.fun','Josh','online','1980-07-12',3,'1111'),
('13','hi@what.see','Alen','food critic','1988-12-11',4,'aaaa'),
('14','oh@simpson.homer','Donald','blog','1946-04-20',1,'bbbb'),
('15','home@canada.home','Donald','online','1982-07-05',2,'1111')
;insert into ottawaspoon.restaurant(restaurantID,name,type,url) values(1,'King for the people','thai','www.ed.fred'),
(2,'Chopped head','candian','www.ed.fred'),
(3,'Mug you','indian','www.ed.fred'),
(4,'Not welcome','ucranian','www.hat.co'),
(5,'Dead on the inside','candian','www.ed.fred'),
(6,'You Fool!','chineese','www.das.ca'),
(7,'Come come','italian','www.ed.fred'),
(8,'I know what you did last summer','thai','www.ed.fred'),
(9,'You eat we see','ucranian','www.ed.fred'),
(10,'Hi how are you','italian','www.das.ca'),
(11,'Strange soup','thai','www.ed.fred'),
(12,'Cooking on your head','italian','www.das.ca')
;insert into ottawaspoon.rating (userId,date,price,food,mood,staff,comment,restaurantID) values
(2,'1975-01-14',2,3,2,1,'I like it',2),
(2,'1981-09-13',4,5,4,3,'I was never so happy',7),
(2,'1943-11-06',1,4,5,4,'It was bad',8),
(2,'1986-09-13',2,2,4,4,'It was bad',8),
(2,'1984-06-30',1,4,1,5,'It was bad',6),
(2,'1958-06-13',4,3,4,4,'I like it',9),
(2,'1959-02-21',3,2,2,5,'It was bad',5),
(2,'1969-01-20',1,1,2,1,'I like it',11),
(2,'1954-07-28',2,5,1,2,'I like it',12),
(2,'1995-07-01',5,1,2,3,'It was bad',9),
(3,'1979-12-01',2,4,2,2,'It was bad',2),
(3,'1942-11-21',5,3,5,2,'How can you not love this place',7),
(3,'1950-06-28',5,4,1,3,'I was never so happy',4),
(3,'1999-02-27',2,1,3,2,'It was bad',7),
(3,'1945-04-24',4,4,4,2,'How can you not love this place',5),
(3,'1981-11-30',5,2,4,3,'I like it',5),
(3,'1957-01-22',4,3,5,4,'How can you not love this place',12),
(3,'1954-01-21',3,3,1,2,'I was never so happy',11),
(3,'1954-06-24',2,4,1,1,'I like it',3),
(3,'1951-12-02',1,5,2,3,'How can you not love this place',3),
(4,'2003-09-13',4,3,4,4,'How can you not love this place',2),
(4,'2007-08-05',2,3,4,2,'It was bad',5),
(4,'1987-03-12',4,5,2,1,'How can you not love this place',1),
(4,'1954-11-03',4,3,2,3,'I was never so happy',4),
(4,'2008-11-02',3,1,2,2,'I like it',2),
(4,'1951-06-17',2,1,2,4,'How can you not love this place',12),
(4,'1946-12-14',2,3,2,2,'How can you not love this place',8),
(4,'2005-02-06',4,3,5,5,'I like it',8),
(4,'1948-08-27',3,1,2,5,'I was never so happy',9),
(4,'1944-11-24',2,5,3,4,'I like it',8),
(5,'1948-04-08',1,4,5,3,'How can you not love this place',1),
(5,'1970-03-19',5,4,2,5,'I was never so happy',1),
(5,'1982-11-07',4,2,4,3,'I was never so happy',8),
(5,'2005-03-14',5,1,3,2,'I was never so happy',4),
(5,'1998-04-29',2,4,5,5,'I was never so happy',10),
(5,'1981-06-06',5,5,1,4,'I like it',11),
(5,'1992-10-19',3,2,2,4,'How can you not love this place',3),
(5,'1973-12-21',4,3,3,2,'I like it',12),
(5,'2001-09-05',3,1,1,4,'I like it',10),
(5,'1940-07-11',1,4,1,5,'I like it',5),
(6,'1971-06-29',4,4,3,3,'I like it',4),
(6,'1986-05-01',3,3,1,1,'I was never so happy',4),
(6,'1986-12-22',5,1,5,4,'I like it',10),
(6,'1968-06-22',4,1,5,5,'How can you not love this place',1),
(6,'1987-12-17',4,5,1,5,'I like it',9),
(6,'1950-03-10',1,4,4,5,'I was never so happy',7),
(6,'2001-12-14',1,2,1,4,'It was bad',4),
(6,'1962-11-10',5,4,5,5,'It was bad',10),
(6,'1963-04-05',4,3,3,4,'I like it',11),
(6,'1955-02-10',4,1,4,2,'I like it',1),
(7,'1989-01-21',3,3,4,5,'I like it',1),
(7,'1969-10-14',4,4,5,3,'How can you not love this place',9),
(7,'1949-06-16',4,4,2,5,'I like it',6),
(7,'1955-02-23',4,2,2,2,'I like it',11),
(7,'1984-01-11',4,5,4,2,'How can you not love this place',12),
(7,'1941-05-29',4,4,1,3,'I was never so happy',2),
(7,'1967-06-13',5,2,1,5,'It was bad',10),
(7,'1943-06-09',2,3,2,1,'I like it',8),
(7,'1996-08-08',5,4,1,5,'How can you not love this place',3),
(7,'2003-07-25',4,1,5,2,'I was never so happy',7),
(8,'1956-11-10',4,2,3,4,'I was never so happy',8),
(8,'1962-03-23',3,2,3,2,'I like it',10),
(8,'1969-02-05',5,5,4,1,'How can you not love this place',6),
(8,'1993-07-08',2,4,1,2,'How can you not love this place',3),
(8,'1970-03-15',2,3,3,2,'How can you not love this place',1),
(8,'2008-09-02',1,4,4,3,'I like it',5),
(8,'1968-08-09',5,3,3,2,'How can you not love this place',11),
(8,'1963-05-27',2,5,4,2,'I was never so happy',7),
(8,'1959-06-21',5,4,4,3,'How can you not love this place',3),
(8,'1961-03-29',5,4,3,4,'I like it',3),
(9,'1949-03-30',5,5,1,2,'How can you not love this place',8),
(9,'1987-10-11',2,3,5,5,'It was bad',7),
(9,'1990-10-08',4,1,4,3,'I like it',2),
(9,'1985-01-23',3,3,4,5,'I like it',2),
(9,'1966-07-09',4,3,1,2,'It was bad',9),
(9,'1958-04-28',2,1,1,4,'It was bad',8),
(9,'1949-12-12',2,2,2,2,'It was bad',12),
(9,'1956-11-21',3,5,4,5,'How can you not love this place',9),
(9,'1992-05-20',5,5,3,1,'It was bad',6),
(9,'1946-07-24',1,5,5,3,'It was bad',3),
(10,'1996-12-22',4,4,1,2,'I was never so happy',10),
(10,'1983-04-03',5,5,5,4,'How can you not love this place',9),
(10,'1952-06-05',4,3,5,1,'It was bad',11),
(10,'1955-07-21',5,2,4,4,'How can you not love this place',4),
(10,'2003-10-13',2,3,5,5,'I like it',12),
(10,'1942-08-08',5,5,2,4,'I was never so happy',11),
(10,'1979-06-24',3,1,4,1,'It was bad',8),
(10,'1997-12-17',3,3,3,1,'It was bad',5),
(10,'1947-05-29',1,2,1,2,'It was bad',4),
(10,'1979-11-13',2,3,2,5,'I like it',5),
(11,'2004-03-01',2,4,3,2,'How can you not love this place',1),
(11,'1990-07-08',2,4,2,1,'It was bad',8),
(11,'2003-03-23',5,3,1,2,'It was bad',10),
(11,'1995-09-08',4,2,3,1,'I like it',5),
(11,'1962-07-28',2,2,1,2,'I like it',9),
(11,'1961-12-25',5,2,2,3,'I was never so happy',2),
(11,'1955-08-18',5,2,3,5,'How can you not love this place',10),
(11,'1944-10-31',2,4,3,1,'I like it',7),
(11,'1966-11-27',1,2,1,4,'It was bad',11),
(11,'1968-12-08',2,5,2,5,'It was bad',1),
(12,'1982-04-10',2,5,1,2,'I like it',9),
(12,'1962-12-10',1,5,4,5,'I like it',6),
(12,'1972-02-26',5,1,1,5,'I like it',10),
(12,'1975-01-07',5,3,1,2,'It was bad',5),
(12,'1984-04-27',1,1,5,2,'How can you not love this place',4),
(12,'2005-04-20',4,2,3,4,'I was never so happy',7),
(12,'2002-10-07',4,4,2,5,'How can you not love this place',1),
(12,'1995-06-22',2,1,2,2,'It was bad',2),
(12,'2003-10-31',1,4,5,3,'How can you not love this place',3),
(12,'1971-12-10',2,4,4,3,'How can you not love this place',9),
(13,'2001-11-28',5,1,4,4,'How can you not love this place',1),
(13,'1981-09-21',2,5,2,5,'It was bad',9),
(13,'1955-02-23',1,4,4,3,'How can you not love this place',11),
(13,'1987-03-06',5,4,2,5,'I like it',9),
(13,'1978-12-04',4,1,5,5,'I was never so happy',8),
(13,'1955-05-24',1,3,1,4,'How can you not love this place',3),
(13,'1980-05-28',3,2,5,5,'I was never so happy',7),
(13,'1943-06-26',3,5,2,5,'I was never so happy',4),
(13,'1972-05-24',5,3,4,3,'It was bad',11),
(13,'2003-11-13',5,3,5,1,'I like it',2),
(3,'1988-03-26',1,2,1,5,'How can you not love this place',3),
(3,'2007-09-07',5,3,5,1,'It was bad',3)
;insert into ottawaspoon.location(locationId,open_Date,manager,phone,address,hours_open,hours_close,restaurantID) values(1,'1941-02-09','Aleks','342329387432222hi','12 Hopekin',9,20,1),
(2,'1952-03-07','Steven','613whattoDO','34 Johnson',2,22,5),
(3,'1960-11-13','Alen','3431249817','34 Johnson',6,13,6),
(4,'1997-04-02','Barbara','24981730','33 Bronson',3,19,12),
(5,'1977-06-12','Parami','24981730','12 Hopekin',1,19,4),
(6,'2000-07-30','Aleks','613whattoDO','12 Hopekin',10,15,2),
(7,'1947-09-04','Robin','342329387432222hi','12 Hopekin',3,19,10),
(8,'1974-11-20','Steve','342329387432222hi','12 Eldgin',7,15,12),
(9,'2009-05-10','Just Batman','342329387432222hi','33 Bronson',3,14,12),
(10,'1958-02-09','Just Batman','342329387432222hi','12 Hopekin',12,23,6),
(11,'1953-01-12','Aleks','613whattoDO','12 Hopekin',1,20,11),
(12,'1958-11-11','Vladimir','3431249817','12 Hopekin',6,24,6)
;insert into ottawaspoon.MenuItem(itemID,name,type,category,description,price,restaurantID) values
(1,'meat','beverage','main','You can eat me',67,1),
(2,'bear with beer','beverage','starter','Try to eat me',89,12),
(3,'ice on ice','beverage','main','You are dead',51,6),
(4,'rice','food','main','Try to eat me',66,11),
(5,'ice on ice','beverage','starter','Try to eat me',9,6),
(6,'ice on ice','beverage','desert','Try to eat me',82,9),
(7,'fish','beverage','desert','You can eat me',32,12),
(8,'rice','food','main','You can eat me',28,4),
(9,'meat','beverage','starter','Try to eat me',38,3),
(10,'meat','food','starter','You can eat me',49,11),
(11,'pear','beverage','desert','You can eat me',86,3),
(12,'rice','food','main','Try to eat me',87,12),
(13,'pear','beverage','starter','Drink and you die',84,6),
(14,'meat','beverage','starter','Drink and you die',100,11),
(15,'meat','beverage','starter','Drink and you die',25,12),
(16,'pear','beverage','main','You can eat me',77,3),
(17,'meat','food','starter','You can eat me',83,8),
(18,'bear with beer','food','starter','You are dead',11,9),
(19,'rice','food','desert','You can eat me',1,10),
(20,'meat','beverage','main','You are dead',83,7),
(21,'pear','beverage','desert','Drink and you die',4,1),
(22,'meat','food','starter','Drink and you die',36,4),
(23,'pear','food','main','Try to eat me',71,12),
(24,'meat','food','starter','You are dead',65,8),
(25,'rice','beverage','main','Try to eat me',37,6),
(26,'fish','food','desert','Drink and you die',5,11),
(27,'rice','beverage','main','Drink and you die',88,5),
(28,'meat','beverage','main','You can eat me',30,3),
(29,'ice on ice','beverage','main','You can eat me',85,10),
(30,'ice on ice','beverage','main','Try to eat me',6,6),
(31,'bear with beer','food','desert','You are dead',17,9),
(32,'bear with beer','food','main','You are dead',9,4),
(33,'meat','food','starter','You are dead',84,2),
(34,'ice on ice','food','starter','Try to eat me',38,4),
(35,'rice','food','desert','Try to eat me',66,4),
(36,'pear','beverage','starter','You are dead',93,3)
;insert into ottawaspoon.ratingItem(userId,date,itemID,itemRating,comment) values(11,'1944-10-31',36,4,'Love it'),
(10,'1996-12-22',29,1,'Tried and died'),
(3,'1945-04-24',23,4,'Love it'),
(4,'2003-09-13',30,5,'Tried and died'),
(7,'1989-01-21',35,3,'Seen people die trying'),
(3,'1954-01-21',7,1,'Love it'),
(7,'1969-10-14',25,3,'Hope could eat again'),
(5,'1998-04-29',12,2,'Tried and died'),
(12,'1962-12-10',2,1,'Seen people die trying'),
(6,'1950-03-10',12,3,'Hope could eat again')