<<<<<<< HEAD
insert into ottawaspoon.rater (userId,e_mail,name,type,join_date,reputation,password) values
(1,'hi@what.see','Steve',2,'2006-05-10',37,'cccc'),
(2,'fun@fun.fun','Steven',1,'1998-06-11',89,'1111'),
(3,'oh@simpson.homer','Just Batman',1,'2005-09-27',88,'1111'),
(4,'hi@what.see','Vladimir',1,'1990-02-18',18,'cccc'),
(5,'fun@fun.fun','Parami',4,'1965-07-13',96,'1111'),
(6,'fun@fun.fun','Just Batman',4,'1985-09-17',82,'1111'),
(7,'oh@simpson.homer','Artem',3,'1982-08-08',23,'1111'),
(8,'home@canada.home','Just Batman',3,'1983-05-28',72,'aaaa'),
(9,'fun@fun.fun','Robin',1,'1951-05-15',11,'1111'),
(10,'fun@fun.fun','Vladimir',4,'1965-10-30',80,'cccc'),
(11,'fun@fun.fun','Robin',4,'1978-01-02',90,'1111'),
(12,'fun@fun.fun','Baraque',3,'1945-05-27',21,'bbbb'),
(13,'hi@what.see','Just Batman',2,'1968-12-10',37,'bbbb'),
(14,'home@canada.home','Baraque',2,'1964-04-26',29,'aaaa'),
(15,'oh@simpson.homer','Robin',5,'1966-10-31',41,'aaaa')
;insert into ottawaspoon.restaurant(restaurantID,name,type,url) values(1,'King for the people','indian','www.das.ca'),
(2,'Chopped head','georgian','www.form.com'),
(3,'Mug you','thai','www.ed.fred'),
(4,'Not welcome','candian','www.ed.fred'),
(5,'Dead on the inside','russian','www.ed.fred'),
(6,'You Fool!','georgian','www.das.ca'),
(7,'Come come','candian','www.form.com'),
(8,'I know what you did last summer','thai','www.hat.co'),
(9,'You eat we see','ucranian','www.ed.fred'),
(10,'Hi how are you','georgian','www.hat.co'),
(11,'Strange soup','chineese','www.hat.co'),
(12,'Cooking on your head','thai','www.hat.co')
=======
insert into ottawaspoon.rater (userId,e_mail,name,type,join_date,reputation) values
(1,'fun@fun.fun','HisName',4,'1998-01-23',2),
(2,'hi@what.see','Alen',4,'2001-12-02',1),
(3,'hi@what.see','Artem',3,'1999-12-26',3),
(4,'home@canada.home','Vladimir',5,'1997-03-18',4),
(5,'home@canada.home','Barbara',4,'1995-05-03',5),
(6,'oh@simpson.homer','Just Batman',2,'1952-06-03',2),
(7,'fun@fun.fun','Josh',3,'2004-07-17',2),
(8,'fun@fun.fun','Artem',1,'1996-03-21',1),
(9,'fun@fun.fun','Aleks',5,'1982-12-05',4),
(10,'hi@what.see','Robin',5,'2001-11-30',5),
(11,'hi@what.see','Steve',3,'1983-12-26',3),
(12,'hi@what.see','Parami',3,'1977-06-07',2),
(13,'hi@what.see','HisName',4,'1943-01-31',5),
(14,'hi@what.see','HisName',2,'1951-07-19',4),
(15,'home@canada.home','Alen',1,'1959-03-08',4)
;insert into ottawaspoon.restaurant(restaurantID,name,type,url) values(1,'King for the people','ucranian','www.hat.co'),
(2,'Chopped head','indian','www.das.ca'),
(3,'Mug you','chineese','www.form.com'),
(4,'Not welcome','italian','www.hat.co'),
(5,'Dead on the inside','chineese','www.form.com'),
(6,'You Fool!','russian','www.form.com'),
(7,'Come come','candian','www.ed.fred'),
(8,'I know what you did last summer','ucranian','www.das.ca'),
(9,'You eat we see','thai','www.ed.fred'),
(10,'Hi how are you','candian','www.form.com'),
(11,'Strange soup','indian','www.form.com'),
(12,'Cooking on your head','thai','www.form.com')
>>>>>>> c21a98ab8bee901c32c14e576330ef94bc6f86d1
;insert into ottawaspoon.rating (userId,date,price,food,mood,staff,comment,restaurantID) values
(2,'1961-03-04',5,5,3,4,'How can you not love this place',11),
(2,'1974-08-15',3,5,3,2,'I was never so happy',11),
(2,'1979-01-27',5,1,5,2,'It was bad',11),
(2,'1960-11-04',5,3,3,2,'How can you not love this place',9),
(2,'1971-10-07',4,4,3,4,'It was bad',12),
(2,'1989-03-22',1,4,4,2,'How can you not love this place',1),
(2,'1966-06-27',2,4,1,4,'I like it',2),
(2,'1945-03-26',1,4,3,2,'How can you not love this place',1),
(2,'1958-01-09',3,1,2,5,'I was never so happy',5),
(2,'1951-10-21',5,2,4,2,'I like it',8),
(3,'1967-02-03',4,2,5,3,'I was never so happy',12),
(3,'1955-07-07',2,3,5,5,'How can you not love this place',8),
(3,'1965-06-07',1,2,2,3,'I like it',4),
(3,'1996-10-10',4,2,4,5,'I like it',7),
(3,'1990-09-20',1,4,3,1,'How can you not love this place',3),
(3,'1984-06-21',2,4,5,3,'It was bad',11),
(3,'1988-08-28',2,5,2,4,'It was bad',9),
(3,'1971-06-17',2,2,1,3,'How can you not love this place',3),
(3,'1989-11-14',2,5,5,1,'I was never so happy',11),
(3,'1993-04-26',4,5,2,4,'I was never so happy',7),
(4,'1959-11-06',3,3,5,4,'I was never so happy',4),
(4,'2005-08-08',4,1,2,3,'I was never so happy',9),
(4,'1984-09-09',3,1,1,3,'It was bad',11),
(4,'1971-10-13',5,2,3,2,'It was bad',8),
(4,'1988-10-16',3,4,1,2,'It was bad',11),
(4,'1993-12-03',4,1,2,1,'I was never so happy',5),
(4,'2000-10-09',2,5,4,3,'How can you not love this place',7),
(4,'1960-12-30',3,3,1,5,'I like it',9),
(4,'1956-06-13',4,5,5,5,'How can you not love this place',1),
(4,'1961-06-29',2,2,3,1,'It was bad',9),
(5,'1974-08-29',3,3,2,5,'How can you not love this place',1),
(5,'1981-11-25',2,4,3,3,'It was bad',1),
(5,'2004-01-26',1,2,5,3,'I like it',4),
(5,'1960-02-18',1,3,5,3,'I was never so happy',4),
(5,'1965-03-02',4,2,4,5,'How can you not love this place',5),
(5,'1964-08-31',2,4,4,1,'How can you not love this place',1),
(5,'1974-05-16',2,2,4,2,'How can you not love this place',5),
(5,'1979-02-28',1,4,1,4,'I like it',3),
(5,'1983-11-12',3,3,1,3,'How can you not love this place',11),
(5,'1962-08-14',1,2,5,3,'How can you not love this place',11),
(6,'1970-04-18',4,4,5,1,'It was bad',9),
(6,'1948-03-25',5,3,3,5,'It was bad',9),
(6,'1999-04-05',3,5,3,3,'I like it',12),
(6,'1957-07-21',3,1,1,4,'How can you not love this place',12),
(6,'1960-07-22',1,3,5,3,'How can you not love this place',11),
(6,'1956-03-31',1,5,1,2,'How can you not love this place',2),
(6,'2007-01-23',1,4,4,1,'It was bad',7),
(6,'1945-02-09',3,3,4,4,'It was bad',4),
(6,'1972-12-16',3,1,2,2,'It was bad',8),
(6,'1984-07-25',5,5,1,5,'How can you not love this place',12),
(7,'1957-08-01',3,3,3,2,'I was never so happy',7),
(7,'1976-07-12',3,5,2,4,'I was never so happy',12),
(7,'1959-08-14',1,4,5,4,'I was never so happy',1),
(7,'1955-10-23',2,1,1,1,'I was never so happy',8),
(7,'1940-04-28',1,4,2,5,'I was never so happy',12),
(7,'1988-04-29',1,1,1,4,'I like it',6),
(7,'1940-11-19',1,5,5,2,'It was bad',6),
(7,'1943-11-07',3,3,5,4,'I was never so happy',8),
(7,'1958-07-10',4,3,4,3,'How can you not love this place',2),
(7,'1956-08-15',2,4,5,1,'I like it',12),
(8,'1969-05-23',4,4,4,1,'How can you not love this place',5),
(8,'2007-12-11',4,2,3,4,'I like it',1),
(8,'1948-03-11',2,3,1,3,'I was never so happy',1),
(8,'1952-04-09',1,4,5,4,'It was bad',7),
(8,'2001-12-24',1,3,4,2,'I was never so happy',8),
(8,'1983-06-19',3,5,3,2,'I like it',10),
(8,'1980-06-01',2,5,4,2,'I was never so happy',5),
(8,'1955-11-25',5,1,3,1,'I like it',7),
(8,'1962-03-15',3,4,2,2,'It was bad',7),
(8,'1981-10-20',3,1,1,2,'I like it',3),
(9,'1960-06-13',3,4,4,2,'I was never so happy',5),
(9,'1947-05-22',4,3,2,4,'I was never so happy',7),
(9,'1997-05-31',4,3,3,4,'How can you not love this place',3),
(9,'1963-12-25',4,1,4,5,'It was bad',4),
(9,'1944-12-18',1,4,5,1,'I was never so happy',4),
(9,'1960-03-28',1,3,5,5,'I like it',3),
(9,'2001-12-04',2,2,4,3,'I was never so happy',7),
(9,'1996-04-25',5,4,2,2,'I was never so happy',1),
(9,'1942-02-09',1,5,3,2,'It was bad',12),
(9,'1960-04-26',1,2,3,5,'I like it',5),
(10,'1998-09-19',2,5,4,5,'It was bad',12),
(10,'1943-05-03',4,2,5,2,'How can you not love this place',6),
(10,'1949-08-01',1,1,4,1,'It was bad',12),
(10,'1976-09-13',1,5,5,2,'I like it',2),
(10,'1947-07-18',4,2,1,4,'It was bad',2),
(10,'1990-04-19',1,5,1,4,'I like it',8),
(10,'1972-08-26',2,5,1,5,'How can you not love this place',10),
(10,'1964-02-11',3,5,5,4,'I like it',12),
(10,'1997-02-26',3,5,2,4,'How can you not love this place',9),
(10,'1988-07-04',2,3,1,2,'It was bad',5),
(11,'2006-10-07',4,1,4,3,'How can you not love this place',9),
(11,'1977-01-14',4,5,3,5,'It was bad',3),
(11,'1987-03-08',3,4,4,4,'I was never so happy',3),
(11,'1946-05-12',4,5,2,2,'How can you not love this place',5),
(11,'1995-08-07',1,3,5,3,'It was bad',6),
(11,'1954-08-19',1,2,1,1,'I like it',2),
(11,'1976-11-14',1,1,1,2,'It was bad',6),
(11,'2006-10-25',5,2,3,1,'It was bad',3),
(11,'1983-07-04',2,3,1,1,'How can you not love this place',6),
(11,'1942-10-21',5,2,3,2,'How can you not love this place',1),
(12,'2009-10-11',3,5,3,5,'I was never so happy',12),
(12,'1975-11-17',5,1,5,2,'I was never so happy',8),
(12,'1970-03-21',1,4,3,2,'I was never so happy',7),
(12,'1954-03-19',5,3,2,2,'I like it',2),
(12,'1980-11-05',1,2,2,2,'It was bad',2),
(12,'2007-04-04',3,4,5,4,'I like it',7),
(12,'1955-08-08',2,2,1,1,'I was never so happy',5),
(12,'1994-05-28',5,4,2,5,'I was never so happy',4),
(12,'1941-05-30',4,2,4,3,'It was bad',10),
(12,'1976-02-06',5,1,5,1,'I was never so happy',1),
(13,'1968-02-02',3,2,5,5,'It was bad',7),
(13,'2000-11-03',4,5,4,4,'I was never so happy',2),
(13,'1970-03-03',2,1,4,4,'How can you not love this place',2),
(13,'1951-09-11',5,2,1,5,'It was bad',12),
(13,'1971-01-08',2,1,1,2,'How can you not love this place',12),
(13,'1975-02-13',4,1,2,4,'How can you not love this place',4),
(13,'2005-10-31',1,2,4,4,'I was never so happy',9),
(13,'1961-02-17',3,4,2,3,'I was never so happy',7),
(13,'1975-11-07',3,3,5,3,'How can you not love this place',4),
(13,'1989-01-03',1,1,1,5,'I was never so happy',1)
;insert into ottawaspoon.location(locationId,open_Date,manager,phone,address,hours_open,hours_close,restaurantID) values(1,'1962-08-06','Parami','24981730','34 Johnson',2,22,11),
(2,'1958-12-15','Barbara','3431249817','34 Johnson',9,24,11),
(3,'1984-02-29','Vladimir','613whattoDO','34 Johnson',1,24,11),
(4,'1988-05-25','Steven','24981730','12 Eldgin',6,23,11),
(5,'1972-07-26','Josh','3431249817','12 Hopekin',1,24,11),
(6,'2007-10-14','Barbara','24981730','33 Bronson',12,23,11),
(7,'1976-02-22','Robin','613whattoDO','33 Bronson',9,15,11),
(8,'1962-12-23','Josh','342329387432222hi','12 Hopekin',0,19,11),
(9,'2003-09-22','Steve','342329387432222hi','33 Bronson',4,23,11),
(10,'1987-03-08','Vladimir','342329387432222hi','12 Hopekin',9,20,11),
(11,'1959-08-13','Barbara','24981730','34 Johnson',3,21,11),
(12,'2005-09-30','Alen','3431249817','33 Bronson',7,24,11)
;insert into ottawaspoon.MenuItem(itemID,name,type,category,description,price,restaurantID) values
(1,'pear','food','starter','You are dead',21,11),
(2,'rice','beverage','main','You can eat me',71,10),
(3,'bear with beer','beverage','desert','Try to eat me',63,1),
(4,'ice on ice','food','desert','You can eat me',86,12),
(5,'meat','beverage','main','Try to eat me',59,5),
(6,'ice on ice','beverage','main','You can eat me',87,2),
(7,'ice on ice','beverage','desert','Try to eat me',65,10),
(8,'fish','beverage','desert','Drink and you die',55,5),
(9,'pear','food','starter','Try to eat me',15,6),
(10,'rice','beverage','starter','Drink and you die',31,7)
;insert into ottawaspoon.ratingItem(userId,date,itemID,itemRating,comment) values(8,'1983-06-19',8,4,'Tried and died'),
(5,'1962-08-14',3,2,'Hope could eat again'),
(6,'1957-07-21',1,5,'Tried and died'),
(3,'1965-06-07',5,4,'Love it'),
(13,'1989-01-03',2,2,'Tried and died'),
(12,'1955-08-08',2,5,'Love it'),
(3,'1989-11-14',5,3,'Tried and died'),
(3,'1989-11-14',6,2,'Tried and died'),
(6,'1956-03-31',5,2,'Love it'),
(13,'1975-02-13',9,5,'Love it')