insert into ottawaspoon.rater (userId,e_mail,name,type,join_date,reputation) values
(1,'fun@fun.fun','HisName',4,'1998-01-23',2),
(2,'hi@what.see','Alen',4,'2001-12-02',1),
(3,'hi@what.see','Artem',3,'1999-12-26',3),
(4,'home@canada.home','Vladimir',5,'1997-03-18',4),
(5,'home@canada.home','Barbara',4,'1995-05-03',5),
(6,'oh@simpson.homer','Just Batman',2,'1952-06-03',2),
(7,'fun@fun.fun','Josh',3,'2004-07-17',2),
(8,'fun@fun.fun','Artem',1,'1996-03-21',1),
(9,'fun@fun.fun','Aleks',5,'1982-12-05',4),
(10,'hi@what.see','Robin',5,'2001-11-30',5),
(11,'hi@what.see','Steve',3,'1983-12-26',3),
(12,'hi@what.see','Parami',3,'1977-06-07',2),
(13,'hi@what.see','HisName',4,'1943-01-31',5),
(14,'hi@what.see','HisName',2,'1951-07-19',4),
(15,'home@canada.home','Alen',1,'1959-03-08',4)
;insert into ottawaspoon.restaurant(restaurantID,name,type,url) values(1,'King for the people','ucranian','www.hat.co'),
(2,'Chopped head','indian','www.das.ca'),
(3,'Mug you','chineese','www.form.com'),
(4,'Not welcome','italian','www.hat.co'),
(5,'Dead on the inside','chineese','www.form.com'),
(6,'You Fool!','russian','www.form.com'),
(7,'Come come','candian','www.ed.fred'),
(8,'I know what you did last summer','ucranian','www.das.ca'),
(9,'You eat we see','thai','www.ed.fred'),
(10,'Hi how are you','candian','www.form.com'),
(11,'Strange soup','indian','www.form.com'),
(12,'Cooking on your head','thai','www.form.com')
;insert into ottawaspoon.rating (userId,date,price,food,mood,staff,comment,restaurantID) values
(2,'1977-07-05',2,2,1,5,'It was bad',5),
(2,'1990-08-06',4,4,3,5,'I like it',8),
(2,'1972-12-14',3,1,3,5,'I like it',11),
(2,'1941-07-08',3,4,3,5,'How can you not love this place',8),
(2,'1997-12-16',5,4,5,5,'I was never so happy',3),
(2,'1943-06-04',1,5,5,4,'How can you not love this place',11),
(2,'1990-11-22',3,1,5,5,'How can you not love this place',8),
(2,'1978-08-02',1,1,4,4,'It was bad',9),
(2,'1949-10-22',3,2,1,5,'How can you not love this place',3),
(2,'2007-01-28',5,2,2,4,'I like it',8),
(3,'1956-03-31',1,3,4,5,'How can you not love this place',8),
(3,'1955-03-14',3,4,2,5,'It was bad',5),
(3,'1946-12-17',1,3,2,3,'It was bad',11),
(3,'1976-02-22',1,5,3,3,'It was bad',4),
(3,'1961-01-13',2,3,2,5,'How can you not love this place',6),
(3,'1961-09-11',2,1,2,4,'I like it',5),
(3,'1972-04-09',1,4,2,1,'I like it',9),
(3,'1951-07-18',2,1,2,3,'I like it',2),
(3,'2009-03-20',5,3,4,1,'I like it',9),
(3,'1972-01-24',5,1,1,5,'It was bad',12),
(4,'1945-06-03',5,5,2,5,'It was bad',3),
(4,'1964-07-04',1,5,5,2,'I was never so happy',11),
(4,'2009-06-05',4,3,3,2,'It was bad',5),
(4,'1989-03-01',5,3,2,2,'How can you not love this place',10),
(4,'1961-04-17',3,1,3,1,'I was never so happy',9),
(4,'1982-08-06',3,3,3,2,'How can you not love this place',6),
(4,'1954-03-15',5,3,3,5,'How can you not love this place',7),
(4,'1943-04-22',1,3,2,3,'It was bad',4),
(4,'1976-03-17',1,1,4,5,'I like it',9),
(4,'2004-10-10',3,4,4,5,'It was bad',6),
(5,'1942-08-14',5,1,1,4,'It was bad',11),
(5,'1965-05-04',4,3,3,2,'I like it',10),
(5,'2008-04-10',3,3,4,2,'I was never so happy',3),
(5,'1951-09-06',5,5,2,1,'How can you not love this place',1),
(5,'2000-01-16',2,3,3,5,'I like it',2),
(5,'1996-12-23',1,2,4,4,'How can you not love this place',7),
(5,'2003-08-11',3,4,1,5,'It was bad',2),
(5,'1948-08-01',5,1,1,3,'I like it',9),
(5,'1991-11-10',2,1,2,4,'How can you not love this place',6),
(5,'2005-12-10',2,4,5,2,'I was never so happy',2),
(6,'1948-03-16',3,3,2,3,'I was never so happy',7),
(6,'1940-06-15',1,4,3,3,'I was never so happy',5),
(6,'1975-06-03',4,1,5,2,'It was bad',4),
(6,'1988-10-26',2,1,3,5,'How can you not love this place',8),
(6,'1964-09-05',4,4,1,4,'I like it',11),
(6,'1990-12-03',1,1,4,4,'I was never so happy',11),
(6,'1970-07-30',1,5,3,4,'I like it',4),
(6,'1961-12-19',4,1,5,1,'It was bad',12),
(6,'1978-05-28',3,1,5,2,'It was bad',9),
(6,'2006-07-12',2,1,4,3,'I was never so happy',4),
(7,'2002-01-28',1,4,1,5,'It was bad',3),
(7,'1974-06-21',1,5,5,2,'I like it',11),
(7,'1998-08-20',4,2,5,5,'It was bad',3),
(7,'1963-06-30',3,5,1,4,'I like it',11),
(7,'1982-08-22',1,2,1,5,'I like it',8),
(7,'1979-04-03',2,2,1,5,'I was never so happy',1),
(7,'2004-10-19',4,3,1,1,'How can you not love this place',12),
(7,'1996-12-20',5,5,4,4,'I was never so happy',1),
(7,'1975-06-04',5,4,1,1,'I like it',12),
(7,'2004-09-02',1,2,1,3,'I like it',12),
(8,'1972-07-13',4,3,1,1,'I like it',3),
(8,'1963-12-12',5,3,5,1,'I was never so happy',11),
(8,'2004-07-25',2,5,3,4,'I like it',3),
(8,'1946-11-07',1,1,2,1,'I was never so happy',2),
(8,'1985-07-27',2,2,4,5,'I like it',1),
(8,'1971-03-07',4,2,2,3,'I was never so happy',10),
(8,'1949-06-02',1,1,2,1,'It was bad',2),
(8,'1974-03-11',4,4,2,1,'I like it',5),
(8,'1970-10-15',3,5,3,4,'I like it',1),
(8,'1960-08-25',5,5,1,5,'How can you not love this place',2),
(9,'1957-10-11',2,1,2,2,'I like it',4),
(9,'1950-01-07',5,2,4,5,'I was never so happy',5),
(9,'1940-01-27',2,3,1,5,'I was never so happy',3),
(9,'1998-09-19',1,4,2,2,'I like it',1),
(9,'1999-10-18',5,3,5,4,'I like it',12),
(9,'1982-05-25',2,2,1,5,'It was bad',2),
(9,'1979-04-08',4,5,3,5,'How can you not love this place',9),
(9,'1955-03-11',3,3,5,5,'I was never so happy',6),
(9,'1987-05-20',3,3,5,4,'How can you not love this place',12),
(9,'1962-05-02',5,3,2,3,'I like it',7),
(10,'1981-07-04',1,5,5,2,'I was never so happy',10),
(10,'1975-02-16',3,3,5,3,'How can you not love this place',8),
(10,'1997-08-12',1,3,1,1,'How can you not love this place',6),
(10,'1942-02-21',4,3,1,1,'How can you not love this place',1),
(10,'1998-03-01',4,2,4,4,'I like it',3),
(10,'1968-06-23',1,5,5,1,'I like it',9),
(10,'1943-08-24',3,4,3,1,'It was bad',5),
(10,'1965-08-11',4,1,1,2,'How can you not love this place',8),
(10,'1966-06-23',4,1,5,3,'It was bad',2),
(10,'1943-06-12',2,3,2,4,'It was bad',3),
(11,'1977-02-04',4,2,5,3,'It was bad',11),
(11,'1990-08-26',4,4,4,1,'I was never so happy',5),
(11,'1955-04-26',3,2,1,4,'I was never so happy',3),
(11,'1971-10-08',2,3,2,3,'It was bad',6),
(11,'1963-05-14',3,1,4,4,'How can you not love this place',12),
(11,'1987-09-10',1,5,3,2,'I like it',12),
(11,'1949-01-04',4,5,4,5,'It was bad',12),
(11,'1995-07-02',1,3,1,5,'How can you not love this place',10),
(11,'1973-12-28',1,1,2,3,'I was never so happy',10),
(11,'1940-01-23',1,5,5,3,'It was bad',7),
(12,'1960-08-22',4,3,3,2,'I like it',12),
(12,'1964-02-17',2,5,2,2,'I like it',6),
(12,'1999-11-17',4,4,1,1,'How can you not love this place',5),
(12,'1992-03-01',5,5,2,1,'I like it',1),
(12,'1968-11-15',2,5,3,1,'How can you not love this place',6),
(12,'1966-08-11',5,5,2,2,'It was bad',5),
(12,'1996-01-20',1,1,2,5,'I like it',10),
(12,'1978-02-05',2,1,2,2,'How can you not love this place',8),
(12,'2007-08-08',4,3,3,2,'How can you not love this place',12),
(12,'2005-06-29',5,2,1,2,'I like it',2),
(13,'2001-03-01',5,4,5,5,'How can you not love this place',1),
(13,'1982-10-11',4,4,3,1,'It was bad',12),
(13,'1954-09-06',1,1,1,4,'I was never so happy',2),
(13,'1974-01-11',5,1,4,4,'I was never so happy',10),
(13,'1989-05-18',2,3,3,2,'It was bad',3),
(13,'1998-02-08',1,1,4,2,'I was never so happy',6),
(13,'1952-07-30',2,3,2,3,'I was never so happy',9),
(13,'2008-12-31',3,2,3,4,'How can you not love this place',11),
(13,'1964-05-30',5,5,2,5,'I was never so happy',9),
(13,'1955-09-28',4,4,5,3,'It was bad',10)
;insert into ottawaspoon.location(locationId,open_Date,manager,phone,address,hours_open,hours_close,restaurantID) values(1,'1986-10-28','Vladimir','613whattoDO','34 Johnson',6,15,11),
(2,'1990-03-18','Steve','342329387432222hi','12 Eldgin',2,22,11),
(3,'1970-09-27','Artem','3431249817','34 Johnson',7,16,11),
(4,'1948-05-21','Steve','3431249817','33 Bronson',8,13,11),
(5,'1950-01-06','Barbara','24981730','33 Bronson',6,19,11),
(6,'2001-08-30','Parami','342329387432222hi','33 Bronson',11,21,11),
(7,'1989-10-09','Aleks','342329387432222hi','34 Johnson',1,20,11),
(8,'1954-06-13','Josh','613whattoDO','33 Bronson',12,21,11),
(9,'1968-07-21','Aleks','3431249817','34 Johnson',11,23,11),
(10,'1969-03-01','Aleks','3431249817','33 Bronson',8,16,11),
(11,'1985-12-25','Alen','342329387432222hi','34 Johnson',5,24,11),
(12,'1964-03-13','Steven','3431249817','34 Johnson',6,16,11)
;insert into ottawaspoon.MenuItem(itemID,name,type,category,description,price,restaurantID) values
(1,'fish','food','starter','You can eat me',27,10),
(2,'fish','beverage','desert','Try to eat me',99,4),
(3,'ice on ice','food','main','You can eat me',100,11),
(4,'fish','beverage','desert','Try to eat me',56,2),
(5,'bear with beer','beverage','starter','You are dead',7,7),
(6,'pear','beverage','desert','You are dead',64,9),
(7,'meat','beverage','main','Try to eat me',50,2),
(8,'meat','beverage','main','You can eat me',86,1),
(9,'ice on ice','food','starter','You are dead',69,4),
(10,'ice on ice','food','main','Try to eat me',80,4)
;insert into ottawaspoon.ratingItem(userId,date,itemID,itemRating,comment) values(11,'1940-01-23',9,4,'Hope could eat again'),
(12,'2007-08-08',3,5,'Hope could eat again'),
(9,'1987-05-20',6,2,'Tried and died'),
(13,'1955-09-28',2,2,'Love it'),
(2,'1943-06-04',7,3,'Hope could eat again'),
(4,'2009-06-05',3,2,'Hope could eat again'),
(11,'1963-05-14',5,3,'Hope could eat again'),
(5,'1951-09-06',7,4,'Tried and died'),
(10,'1968-06-23',4,4,'Tried and died'),
(2,'2007-01-28',3,5,'Hope could eat again')