insert into ottawaspoon.rater (userId,e_mail,name,type,join_date,reputation,password) values
('1','home@canada.home','Parami','blog','Wed Jan 04 10:49:32 EST 1984',4,'cccc'),
('2','hi@what.see','Steve','online','Thu Jun 05 11:44:25 EDT 1947',2,'cccc'),
('3','hi@what.see','Artem','online','Tue Feb 07 07:09:53 EST 1950',3,'bbbb'),
('4','home@canada.home','Aleks','blog','Tue Jul 07 06:26:59 EDT 1959',4,'1111'),
('5','hi@what.see','Josh','online','Sun Sep 19 11:56:05 EDT 1943',5,'aaaa'),
('6','home@canada.home','Alen','online','Mon Sep 07 14:25:00 EDT 1964',2,'cccc'),
('7','fun@fun.fun','Josh','food critic','Thu Jul 23 04:57:27 EDT 2009',4,'1111'),
('8','home@canada.home','Just Batman','online','Fri Dec 31 21:43:15 EST 1999',5,'aaaa'),
('9','oh@simpson.homer','Steven','blog','Thu Mar 22 17:53:32 EST 1973',1,'bbbb'),
('10','oh@simpson.homer','HisName','food critic','Sun Dec 16 06:04:53 EST 1951',5,'cccc'),
('11','hi@what.see','Robin','food critic','Thu Jul 24 19:42:19 EDT 2003',4,'aaaa'),
('12','fun@fun.fun','Barbara','blog','Wed Jun 21 16:32:52 EDT 1989',3,'bbbb'),
('13','oh@simpson.homer','Baraque','online','Wed Oct 08 00:58:28 EDT 1980',1,'cccc'),
('14','fun@fun.fun','Vladimir','online','Tue May 07 15:45:10 EDT 1974',4,'aaaa'),
('15','fun@fun.fun','Donald','online','Fri Feb 14 15:02:48 EST 1975',1,'bbbb'),
('16','home@canada.home','Vader','food critic','Sun Oct 27 20:58:11 EST 1974',1,'1111'),
('17','home@canada.home','C3PO','food critic','Tue Mar 25 15:06:54 EST 1952',3,'cccc')
;insert into ottawaspoon.restaurant(restaurantID,name,type,url) values(1,'King for the people','chineese','www.hat.co'),
(2,'Chopped head','candian','www.form.com'),
(3,'Mug you','ucranian','www.form.com'),
(4,'Not welcome','thai','www.form.com'),
(5,'Dead on the inside','candian','www.ed.fred'),
(6,'You Fool!','ucranian','www.ed.fred'),
(7,'Come come','russian','www.form.com'),
(8,'I know what you did last summer','indian','www.das.ca'),
(9,'You eat we see','italian','www.ed.fred'),
(10,'Hi how are you','thai','www.hat.co'),
(11,'Strange soup','chineese','www.hat.co'),
(12,'Cooking on your head','georgian','www.hat.co')
;insert into ottawaspoon.rating (userId,date,price,food,mood,staff,comment,restaurantID) values
(2,'Sun Nov 06 15:40:56 EST 1949',5,2,5,4,'It was bad',11),
(2,'Sun Jun 17 08:51:44 EDT 1945',3,4,2,3,'It was bad',2),
(2,'Wed Sep 05 01:34:58 EDT 1973',2,4,2,4,'How can you not love this place',8),
(2,'Tue Jan 26 09:49:10 EDT 1943',3,1,1,3,'I was never so happy',4),
(2,'Tue Nov 27 21:28:52 EST 2001',1,5,4,5,'I like it',1),
(2,'Wed Sep 25 11:43:34 EDT 1940',1,3,3,3,'I like it',11),
(2,'Tue May 14 04:28:23 EDT 1963',2,4,3,5,'It was bad',5),
(2,'Thu Feb 07 00:40:00 EST 1985',5,3,1,1,'I was never so happy',1),
(2,'Tue Mar 12 11:38:20 EST 1985',3,2,5,1,'I was never so happy',3),
(2,'Sat Aug 31 02:36:07 EDT 1991',2,2,1,2,'I was never so happy',9),
(3,'Wed Nov 11 02:45:52 EDT 1942',4,1,1,5,'I like it',2),
(3,'Thu Sep 20 16:37:15 EDT 1990',3,4,4,2,'How can you not love this place',8),
(3,'Sun Apr 01 01:23:28 EDT 1945',5,4,5,3,'It was bad',5),
(3,'Wed Apr 04 13:36:02 EDT 2001',5,1,3,3,'It was bad',6),
(3,'Thu Dec 10 01:18:36 EST 2009',4,1,1,4,'I was never so happy',1),
(3,'Tue Nov 12 08:10:25 EST 1974',5,5,1,4,'I was never so happy',7),
(3,'Wed Mar 07 06:17:31 EST 1951',1,1,3,4,'How can you not love this place',7),
(3,'Wed Jul 29 21:16:54 EDT 1998',1,5,2,1,'It was bad',4),
(3,'Sat Aug 28 20:11:55 EDT 1976',5,3,3,4,'I like it',12),
(3,'Fri Feb 04 14:28:02 EST 2000',3,5,3,3,'I was never so happy',3),
(4,'Sat Apr 01 04:20:00 EST 1961',2,2,2,3,'It was bad',8),
(4,'Fri Sep 27 07:57:04 EDT 1946',3,5,1,1,'I like it',1),
(4,'Tue Jun 06 17:17:42 EDT 1944',5,4,2,5,'It was bad',5),
(4,'Tue Oct 02 02:33:39 EDT 2001',1,5,5,5,'It was bad',10),
(4,'Thu Jan 28 02:11:41 EST 1960',5,1,4,3,'I was never so happy',2),
(4,'Mon Jun 11 22:42:18 EDT 1984',2,5,3,3,'It was bad',2),
(4,'Sat Aug 11 01:22:28 EDT 1951',4,5,5,5,'How can you not love this place',1),
(4,'Tue Sep 25 11:10:25 EDT 1979',4,3,5,1,'It was bad',7),
(4,'Fri Jan 06 10:03:54 EST 1967',3,2,5,5,'I was never so happy',10),
(4,'Thu Jun 01 19:42:08 EDT 2000',5,3,4,3,'I was never so happy',9),
(5,'Sat Apr 11 08:59:35 EDT 1992',3,1,1,4,'I like it',7),
(5,'Sun Mar 04 05:32:37 EST 1990',3,1,3,1,'How can you not love this place',7),
(5,'Mon Oct 15 00:10:48 EDT 1962',2,5,2,2,'How can you not love this place',1),
(5,'Mon Aug 29 05:00:02 EDT 1988',1,1,3,2,'I like it',6),
(5,'Fri Aug 13 22:10:25 EDT 1971',1,1,4,5,'I was never so happy',2),
(5,'Fri Oct 04 12:06:46 EDT 1996',4,3,5,4,'It was bad',7),
(5,'Wed Jul 31 07:06:18 EDT 1985',5,4,1,4,'I like it',4),
(5,'Fri Jul 10 01:42:37 EDT 1981',1,5,3,5,'I like it',3),
(5,'Sun Jul 10 17:53:10 EDT 1966',2,5,2,5,'How can you not love this place',12),
(5,'Fri Jun 12 19:54:48 EDT 1959',4,5,2,5,'How can you not love this place',1),
(6,'Mon Aug 24 15:31:10 EDT 1964',2,5,4,2,'How can you not love this place',2),
(6,'Mon Oct 30 11:49:10 EST 1967',4,4,5,4,'I like it',7),
(6,'Sun Mar 06 00:13:34 EST 1994',1,2,5,2,'I like it',6),
(6,'Fri Apr 02 15:38:01 EST 1982',3,2,5,4,'I was never so happy',8),
(6,'Tue Sep 01 10:20:15 EDT 1959',4,3,4,3,'I like it',10),
(6,'Fri Apr 05 02:05:33 EST 1991',2,2,3,2,'How can you not love this place',1),
(6,'Mon Oct 17 16:33:10 EST 1949',4,4,2,3,'How can you not love this place',5),
(6,'Wed Dec 18 08:00:43 EST 1991',1,1,1,2,'It was bad',12),
(6,'Sun Jul 05 23:27:19 EDT 1981',2,2,3,2,'It was bad',3),
(6,'Sat Feb 25 00:04:52 EST 1989',3,4,5,2,'It was bad',4),
(7,'Sat Jun 24 00:08:11 EDT 1961',5,5,2,2,'How can you not love this place',2),
(7,'Sat Feb 12 08:11:27 EDT 1944',5,4,5,1,'How can you not love this place',12),
(7,'Mon Jan 17 10:35:02 EDT 1944',4,4,4,1,'How can you not love this place',2),
(7,'Wed May 07 21:25:39 EDT 1958',3,4,2,3,'How can you not love this place',6),
(7,'Tue Mar 26 22:26:41 EST 1968',3,2,5,4,'I was never so happy',5),
(7,'Tue Nov 06 03:14:20 EST 1956',5,4,1,4,'I was never so happy',1),
(7,'Mon Sep 29 02:50:18 EST 1947',3,5,2,4,'I was never so happy',5),
(7,'Wed Jan 01 20:17:44 EST 1992',5,4,5,5,'I was never so happy',1),
(7,'Sun Jul 09 13:33:46 EDT 2000',5,4,2,4,'It was bad',12),
(7,'Mon Jan 19 11:13:59 EST 1970',3,1,5,2,'I was never so happy',9),
(8,'Sun Oct 14 14:55:25 EDT 1973',5,1,3,5,'I was never so happy',1),
(8,'Thu Sep 04 17:13:30 EDT 1941',1,5,1,1,'I was never so happy',12),
(8,'Mon May 02 16:06:45 EDT 1960',1,2,2,3,'It was bad',9),
(8,'Mon May 04 01:16:28 EDT 1992',4,3,4,5,'It was bad',3),
(8,'Sat Jun 03 04:43:30 EDT 2000',4,5,5,2,'I was never so happy',8),
(8,'Tue Jul 31 14:53:37 EDT 1945',2,3,5,5,'How can you not love this place',4),
(8,'Fri Mar 21 01:29:52 EST 1986',4,2,4,3,'I like it',5),
(8,'Sat Feb 02 15:58:47 EST 1991',4,4,1,5,'I like it',5),
(8,'Sun May 27 19:32:00 EDT 1962',4,4,2,4,'It was bad',8),
(8,'Fri Oct 08 07:35:49 EDT 1971',3,2,1,4,'How can you not love this place',4),
(9,'Sat Feb 26 23:08:05 EST 1955',3,4,5,5,'I was never so happy',5),
(9,'Mon Dec 23 13:36:31 EST 1957',5,4,3,5,'It was bad',8),
(9,'Wed Jul 15 11:38:20 EDT 1998',4,1,3,4,'I like it',7),
(9,'Sat May 31 18:56:17 EDT 1941',3,5,3,4,'I like it',9),
(9,'Sat May 17 07:10:17 EDT 2008',1,5,2,4,'I like it',11),
(9,'Sun May 22 03:45:10 EDT 2005',1,5,5,1,'I like it',6),
(9,'Mon Mar 23 16:16:15 EST 1998',2,4,5,5,'How can you not love this place',5),
(9,'Sat Mar 29 07:06:43 EST 2003',3,2,1,3,'How can you not love this place',1),
(9,'Wed Dec 28 13:09:09 EST 1994',3,2,1,2,'How can you not love this place',5),
(9,'Mon Jan 03 07:19:04 EST 1949',4,5,4,2,'I was never so happy',2),
(10,'Sun May 30 04:28:40 EDT 1943',5,4,5,5,'I like it',6),
(10,'Thu Jun 04 11:35:17 EDT 2009',3,1,2,1,'I was never so happy',6),
(10,'Wed Dec 25 12:45:14 EST 1957',5,5,2,4,'I was never so happy',2),
(10,'Sat Apr 16 01:06:05 EST 1977',4,3,2,4,'I was never so happy',6),
(10,'Tue Oct 10 07:58:15 EDT 2006',4,1,1,4,'How can you not love this place',7),
(10,'Tue May 23 10:23:30 EDT 1972',1,4,4,1,'I was never so happy',4),
(10,'Tue May 02 20:00:41 EDT 2000',1,3,2,4,'How can you not love this place',12),
(10,'Tue Feb 26 20:30:22 EST 1957',2,5,5,5,'It was bad',10),
(10,'Sat Sep 24 15:21:26 EDT 1977',3,5,4,2,'I like it',3),
(10,'Thu Mar 12 09:04:17 EST 1964',1,1,2,1,'I like it',9),
(11,'Thu Jul 07 23:48:20 EDT 1988',2,5,5,2,'How can you not love this place',1),
(11,'Wed Mar 21 20:11:52 EST 1951',1,1,4,5,'How can you not love this place',5),
(11,'Mon Dec 12 22:43:45 EST 1988',5,3,1,1,'I was never so happy',8),
(11,'Thu May 13 11:08:27 EDT 1954',1,4,1,2,'I was never so happy',8),
(11,'Tue May 17 14:33:06 EDT 1988',1,4,3,1,'It was bad',6),
(11,'Wed Oct 23 12:46:35 EDT 2002',4,3,2,5,'How can you not love this place',8),
(11,'Fri Sep 02 06:49:37 EDT 1977',5,4,4,3,'How can you not love this place',9),
(11,'Mon Dec 28 15:02:37 EST 1992',2,4,3,3,'How can you not love this place',9),
(11,'Mon Aug 08 01:55:15 EDT 1994',1,4,5,1,'I like it',11),
(11,'Wed Mar 01 21:18:23 EDT 1944',1,2,2,2,'How can you not love this place',1),
(12,'Fri Nov 09 14:49:33 EST 1984',2,4,1,4,'I like it',1),
(12,'Mon Jul 19 17:11:37 EDT 1993',1,3,4,2,'I was never so happy',12),
(12,'Sun Jul 05 22:08:47 EDT 1987',1,5,1,2,'It was bad',7),
(12,'Mon Nov 10 03:50:33 EST 2008',1,1,3,5,'I like it',4),
(12,'Thu Sep 15 22:01:06 EDT 1977',1,5,4,4,'I like it',2),
(12,'Sun Dec 22 03:32:36 EST 1946',2,5,5,1,'How can you not love this place',3),
(12,'Sun Feb 09 00:27:52 EST 1947',1,1,4,2,'I like it',4),
(12,'Fri Mar 13 08:48:02 EST 1981',5,5,4,5,'I like it',7),
(12,'Thu Nov 21 23:05:59 EST 1968',3,4,5,5,'I like it',1),
(12,'Sat Feb 20 03:16:45 EST 1993',3,1,4,4,'I like it',5),
(13,'Tue Mar 10 22:28:58 EST 1964',1,4,5,5,'How can you not love this place',1),
(13,'Wed Oct 20 22:49:46 EDT 1971',2,5,3,1,'How can you not love this place',4),
(13,'Sat Sep 03 23:58:02 EDT 1994',4,4,1,1,'It was bad',7),
(13,'Thu May 16 12:12:41 EDT 1996',4,4,1,5,'I like it',6),
(13,'Sat Dec 01 01:47:53 EST 1951',4,4,2,2,'How can you not love this place',5),
(13,'Sat Mar 04 07:50:32 EST 1989',2,2,3,5,'How can you not love this place',8),
(13,'Mon Jan 17 03:11:31 EST 2000',3,2,2,3,'I was never so happy',5),
(13,'Thu May 04 03:09:45 EDT 1961',2,2,2,4,'How can you not love this place',11),
(13,'Wed May 31 05:43:59 EDT 1950',3,2,2,4,'I was never so happy',6),
(13,'Sat Mar 12 14:36:54 EST 2005',1,3,4,4,'It was bad',12),
(3,'Thu Nov 15 13:11:40 EST 1973',4,4,4,1,'I was never so happy',3),
(3,'Mon Jun 23 21:29:57 EDT 1969',3,2,1,1,'It was bad',3),
(3,'Fri Jan 19 00:00:00 EST 2018',5,4,5,1,'I like it',3),
(3,'Fri Feb 19 00:00:00 EST 2016',3,1,5,5,'I like it',3),
(14,'Fri Feb 18 07:05:17 EST 1949',1,1,4,2,'How can you not love this place',3),
(14,'Sun Mar 26 06:38:37 EDT 1944',5,5,5,2,'How can you not love this place',3)
;insert into ottawaspoon.location(locationId,open_Date,manager,phone,address,hours_open,hours_close,restaurantID) values(1,'Sat Jul 18 03:34:28 EDT 1964','Vladimir','24981730','34 Johnson',12,22,8),
(2,'Tue May 26 08:48:04 EDT 1964','HisName','613whattoDO','12 Eldgin',1,21,2),
(3,'Sat Nov 03 14:11:06 EST 1951','Baraque','24981730','12 Eldgin',12,20,5),
(4,'Thu Mar 02 18:45:43 EST 1989','Vladimir','342329387432222hi','34 Johnson',8,18,9),
(5,'Wed Mar 13 21:48:07 EST 2002','Steve','3431249817','33 Bronson',3,17,4),
(6,'Mon Nov 06 09:30:10 EDT 1944','Baraque','613whattoDO','12 Hopekin',2,20,3),
(7,'Fri Jul 20 13:58:54 EDT 1990','Josh','613whattoDO','33 Bronson',8,19,1),
(8,'Wed Jan 03 13:08:56 EST 2001','Josh','3431249817','34 Johnson',1,15,9),
(9,'Fri Aug 08 03:28:27 EDT 1980','Artem','3431249817','33 Bronson',7,15,12),
(10,'Mon Nov 27 12:25:56 EST 1995','Aleks','3431249817','12 Eldgin',5,24,12),
(11,'Thu Jan 04 19:51:02 EST 1973','Josh','613whattoDO','12 Eldgin',10,17,2),
(12,'Thu Apr 15 22:42:52 EST 1954','Donald','342329387432222hi','33 Bronson',2,16,3)
;insert into ottawaspoon.MenuItem(itemID,name,type,category,description,price,restaurantID) values
(1,'meat','food','desert','You can eat me',58,6),
(2,'fish','beverage','starter','Drink and you die',46,3),
(3,'bear with beer','food','main','You can eat me',87,3),
(4,'rice','beverage','desert','Drink and you die',27,9),
(5,'pear','beverage','main','Try to eat me',63,4),
(6,'fish','food','desert','Drink and you die',29,2),
(7,'bear with beer','beverage','main','You can eat me',60,4),
(8,'fish','food','desert','Drink and you die',43,9),
(9,'pear','food','desert','Try to eat me',30,3),
(10,'rice','food','starter','You are dead',88,7),
(11,'pear','food','starter','You can eat me',2,6),
(12,'pear','food','main','You can eat me',67,7),
(13,'fish','food','desert','You are dead',41,1),
(14,'bear with beer','food','starter','You are dead',60,8),
(15,'ice on ice','beverage','main','You are dead',12,7),
(16,'fish','beverage','main','Drink and you die',17,2),
(17,'rice','food','starter','You can eat me',63,4),
(18,'ice on ice','beverage','desert','Try to eat me',66,9),
(19,'meat','beverage','desert','You can eat me',92,5),
(20,'rice','beverage','main','Drink and you die',56,3),
(21,'meat','beverage','desert','You can eat me',59,5),
(22,'pear','beverage','main','Try to eat me',71,2),
(23,'ice on ice','food','main','Drink and you die',76,2),
(24,'ice on ice','food','starter','Drink and you die',2,11),
(25,'ice on ice','beverage','main','Drink and you die',15,3),
(26,'pear','food','starter','You can eat me',84,10),
(27,'rice','beverage','main','Drink and you die',55,11),
(28,'rice','beverage','main','You can eat me',78,1),
(29,'fish','beverage','main','You are dead',31,12),
(30,'meat','food','starter','Try to eat me',62,10),
(31,'meat','beverage','starter','Try to eat me',91,11),
(32,'fish','beverage','desert','You are dead',87,7),
(33,'bear with beer','food','main','You are dead',23,5),
(34,'fish','beverage','starter','You are dead',96,9),
(35,'bear with beer','beverage','desert','You are dead',87,9),
(36,'bear with beer','beverage','main','Try to eat me',91,6)
;insert into ottawaspoon.ratingItem(userId,date,itemID,itemRating,comment) values(8,'Fri Mar 21 01:29:52 EST 1986',18,2,'Tried and died'),
(2,'Tue May 14 04:28:23 EDT 1963',8,4,'Hope could eat again'),
(11,'Wed Mar 21 20:11:52 EST 1951',7,1,'Love it'),
(12,'Thu Nov 21 23:05:59 EST 1968',6,5,'Seen people die trying'),
(9,'Sun May 22 03:45:10 EDT 2005',19,1,'Seen people die trying'),
(4,'Thu Jun 01 19:42:08 EDT 2000',20,3,'Seen people die trying'),
(5,'Fri Oct 04 12:06:46 EDT 1996',30,3,'Love it'),
(11,'Wed Oct 23 12:46:35 EDT 2002',8,3,'Love it'),
(10,'Sat Sep 24 15:21:26 EDT 1977',16,3,'Seen people die trying'),
(12,'Sun Feb 09 00:27:52 EST 1947',29,3,'Seen people die trying')