--the data is chenged
insert into ottawaspoon.rater (userId,e_mail,name,type,join_date,reputation,password) values
('1','home@canada.home','Barbara','online','1948-09-05',1,'bbbb'),
('2','fun@fun.fun','Barbara','blog','1950-08-18',3,'aaaa'),
('3','fun@fun.fun','Alen','online','1972-11-24',1,'bbbb'),
('4','hi@what.see','Donald','online','1964-03-12',4,'1111'),
('5','hi@what.see','Aleks','online','1941-03-14',1,'bbbb'),
('6','oh@simpson.homer','Baraque','blog','1985-06-05',3,'1111'),
('7','hi@what.see','Artem','online','2008-06-12',3,'1111'),
('8','fun@fun.fun','Vladimir','food critic','1954-12-04',2,'cccc'),
('9','home@canada.home','HisName','blog','1956-03-06',4,'1111'),
('10','oh@simpson.homer','Barbara','online','1962-07-27',3,'aaaa'),
('11','hi@what.see','Aleks','online','1983-10-19',4,'bbbb'),
('12','hi@what.see','Steven','online','2002-03-23',1,'bbbb'),
('13','hi@what.see','Alen','blog','1960-03-30',5,'bbbb'),
('14','fun@fun.fun','Josh','online','1963-08-06',3,'bbbb'),
('15','fun@fun.fun','Donald','blog','2004-11-05',5,'cccc')
;insert into ottawaspoon.restaurant(restaurantID,name,type,url) values(1,'King for the people','thai','www.ed.fred'),
(2,'Chopped head','indian','www.das.ca'),
(3,'Mug you','candian','www.hat.co'),
(4,'Not welcome','georgian','www.form.com'),
(5,'Dead on the inside','indian','www.ed.fred'),
(6,'You Fool!','candian','www.ed.fred'),
(7,'Come come','thai','www.hat.co'),
(8,'I know what you did last summer','chineese','www.hat.co'),
(9,'You eat we see','georgian','www.hat.co'),
(10,'Hi how are you','ucranian','www.das.ca'),
(11,'Strange soup','russian','www.das.ca'),
(12,'Cooking on your head','candian','www.ed.fred')
;insert into ottawaspoon.rating (userId,date,price,food,mood,staff,comment,restaurantID) values
(2,'1950-08-31',1,1,4,5,'I was never so happy',7),
(2,'1966-01-28',4,4,4,5,'I was never so happy',11),
(2,'1949-04-21',4,5,5,1,'How can you not love this place',7),
(2,'1997-01-16',2,3,4,3,'How can you not love this place',11),
(2,'1989-11-09',4,1,3,5,'I like it',7),
(2,'1949-01-17',3,4,1,2,'How can you not love this place',9),
(2,'1940-11-20',2,2,2,1,'I like it',11),
(2,'1948-09-20',2,4,4,3,'It was bad',12),
(2,'1995-06-06',3,4,2,1,'I like it',12),
(2,'1955-10-24',5,3,4,5,'I like it',12),
(3,'1943-12-16',5,4,3,4,'I was never so happy',10),
(3,'1970-08-08',1,1,5,4,'How can you not love this place',1),
(3,'1961-12-19',1,3,3,3,'I was never so happy',6),
(3,'1977-06-22',3,4,5,2,'I like it',5),
(3,'1940-03-30',2,3,3,3,'I was never so happy',7),
(3,'1962-01-20',5,5,5,4,'It was bad',12),
(3,'1973-10-25',5,5,1,4,'I like it',5),
(3,'1996-04-28',3,2,4,5,'How can you not love this place',8),
(3,'2007-05-02',4,4,2,4,'I like it',3),
(3,'1979-09-26',1,3,5,3,'How can you not love this place',5),
(4,'1940-05-29',3,3,1,3,'How can you not love this place',12),
(4,'1951-01-03',3,4,3,5,'How can you not love this place',11),
(4,'1994-06-05',4,3,2,1,'It was bad',6),
(4,'1970-07-16',1,4,1,5,'I like it',2),
(4,'1945-10-02',5,5,2,2,'It was bad',4),
(4,'1944-01-24',3,5,4,4,'I was never so happy',12),
(4,'1969-08-06',1,5,1,5,'How can you not love this place',3),
(4,'1982-04-28',2,5,4,1,'It was bad',3),
(4,'1984-06-07',3,3,1,1,'How can you not love this place',9),
(4,'1994-02-27',2,3,3,4,'How can you not love this place',9),
(5,'2005-11-10',2,4,1,1,'I like it',8),
(5,'2003-07-18',4,2,3,3,'I was never so happy',5),
(5,'1998-10-17',5,3,3,2,'I like it',4),
(5,'1986-04-26',1,1,1,3,'I was never so happy',7),
(5,'1962-10-02',2,5,1,2,'How can you not love this place',8),
(5,'1965-07-21',5,3,2,1,'I was never so happy',5),
(5,'1953-09-29',2,4,2,5,'I was never so happy',2),
(5,'2008-03-22',5,1,4,5,'I like it',4),
(5,'1967-08-22',5,5,5,4,'How can you not love this place',4),
(5,'1964-02-02',5,4,4,5,'It was bad',1),
(6,'1989-02-04',4,5,5,2,'It was bad',5),
(6,'1990-10-04',2,4,4,5,'I like it',10),
(6,'1988-02-19',2,2,5,3,'How can you not love this place',9),
(6,'1969-01-22',3,5,5,1,'I was never so happy',1),
(6,'1979-07-01',3,1,1,5,'I like it',6),
(6,'1964-10-20',5,5,3,2,'It was bad',4),
(6,'1945-05-07',4,1,3,2,'I was never so happy',4),
(6,'1947-03-06',3,2,1,5,'It was bad',2),
(6,'1953-05-08',3,5,2,1,'I was never so happy',9),
(6,'1982-02-26',2,5,3,2,'How can you not love this place',2),
(7,'1998-11-21',5,2,4,1,'I was never so happy',9),
(7,'1999-07-08',5,1,3,2,'It was bad',1),
(7,'1969-06-16',2,2,3,1,'It was bad',4),
(7,'1948-10-01',1,4,3,2,'It was bad',2),
(7,'1967-04-26',3,2,2,5,'How can you not love this place',10),
(7,'1999-10-15',5,3,4,5,'How can you not love this place',2),
(7,'1987-06-29',4,2,1,3,'It was bad',9),
(7,'2008-06-01',1,2,5,1,'How can you not love this place',11),
(7,'1996-04-15',3,3,5,2,'How can you not love this place',8),
(7,'2006-07-06',2,1,4,5,'I like it',9),
(8,'1968-08-17',5,1,3,5,'I was never so happy',11),
(8,'1988-03-18',5,5,4,4,'How can you not love this place',7),
(8,'1997-08-22',5,1,1,2,'It was bad',5),
(8,'1941-09-19',4,5,1,2,'I was never so happy',2),
(8,'1961-12-18',1,3,5,1,'It was bad',5),
(8,'1949-02-10',3,5,5,3,'How can you not love this place',7),
(8,'1954-12-21',2,1,5,3,'How can you not love this place',2),
(8,'1982-08-26',3,4,3,2,'How can you not love this place',10),
(8,'1954-12-18',2,5,3,5,'It was bad',9),
(8,'1955-12-28',5,1,3,1,'How can you not love this place',3),
(9,'1994-07-08',4,5,5,5,'It was bad',6),
(9,'1983-10-19',3,1,4,5,'I like it',7),
(9,'1980-12-29',5,4,1,1,'How can you not love this place',12),
(9,'2001-10-01',3,5,3,2,'It was bad',1),
(9,'1980-03-23',4,1,5,5,'I like it',6),
(9,'1972-07-20',5,5,3,3,'I was never so happy',9),
(9,'1965-03-28',3,5,1,2,'It was bad',6),
(9,'1982-09-30',2,3,2,1,'I like it',9),
(9,'1947-12-04',1,2,4,3,'I like it',8),
(9,'1973-03-18',5,5,3,5,'I like it',4),
(10,'1949-10-15',5,4,5,1,'It was bad',2),
(10,'1958-12-26',3,1,5,2,'I was never so happy',1),
(10,'2008-04-24',2,1,5,5,'I like it',12),
(10,'1945-12-26',3,4,4,4,'How can you not love this place',8),
(10,'1940-09-02',3,3,5,2,'How can you not love this place',7),
(10,'1947-01-07',4,1,4,5,'I like it',12),
(10,'1999-03-08',3,3,1,2,'I was never so happy',7),
(10,'1999-05-01',2,1,2,1,'How can you not love this place',1),
(10,'1952-06-25',3,2,1,2,'How can you not love this place',8),
(10,'1977-12-26',3,5,5,1,'I like it',9),
(11,'1974-11-01',4,4,5,5,'I was never so happy',9),
(11,'1966-09-02',4,5,4,4,'How can you not love this place',5),
(11,'1952-02-14',3,2,1,1,'It was bad',12),
(11,'2001-07-27',4,4,5,4,'It was bad',5),
(11,'1998-11-20',2,2,5,2,'I was never so happy',5),
(11,'2006-07-05',3,1,1,5,'How can you not love this place',1),
(11,'2001-03-14',3,3,1,4,'How can you not love this place',2),
(11,'1998-02-06',2,1,3,3,'I like it',9),
(11,'1945-07-09',4,5,2,3,'I was never so happy',3),
(11,'1972-03-11',2,4,3,1,'I like it',5),
(12,'1993-01-15',3,5,4,4,'I like it',5),
(12,'2009-09-09',3,1,4,3,'How can you not love this place',1),
(12,'1990-07-21',2,1,3,3,'I was never so happy',12),
(12,'1993-08-20',3,5,3,2,'I like it',5),
(12,'1957-12-24',3,5,1,2,'It was bad',9),
(12,'1995-03-19',3,4,2,5,'How can you not love this place',2),
(12,'1976-07-18',3,4,1,2,'How can you not love this place',3),
(12,'1979-12-23',5,3,1,5,'I was never so happy',3),
(12,'1995-04-07',5,5,2,4,'How can you not love this place',6),
(12,'1988-02-05',3,1,4,5,'How can you not love this place',4),
(13,'1978-02-18',4,2,2,1,'How can you not love this place',4),
(13,'1980-11-17',4,2,2,2,'It was bad',12),
(13,'2001-12-16',1,2,4,3,'I was never so happy',2),
(13,'1991-05-30',2,2,4,4,'How can you not love this place',3),
(13,'1993-12-09',1,5,1,5,'It was bad',11),
(13,'1964-12-21',4,5,5,4,'I was never so happy',5),
(13,'1964-11-02',5,2,1,2,'It was bad',10),
(13,'1954-06-13',4,2,4,5,'How can you not love this place',5),
(13,'1995-01-27',2,5,5,4,'I was never so happy',11),
(13,'1982-07-26',2,5,3,4,'I like it',3)
;insert into ottawaspoon.location(locationId,open_Date,manager,phone,address,hours_open,hours_close,restaurantID) values(1,'1989-09-07','Alen','24981730','12 Hopekin',11,21,11),
(2,'1964-11-24','Steven','342329387432222hi','33 Bronson',1,15,9),
(3,'1967-08-16','Alen','3431249817','34 Johnson',1,15,6),
(4,'2004-10-13','Josh','24981730','12 Hopekin',0,14,4),
(5,'1975-05-10','Baraque','613whattoDO','12 Hopekin',8,22,4),
(6,'1968-06-06','Donald','24981730','34 Johnson',8,16,5),
(7,'1962-06-21','HisName','3431249817','12 Hopekin',3,19,10),
(8,'1983-06-12','Artem','342329387432222hi','33 Bronson',2,24,7),
(9,'1983-10-01','Vladimir','24981730','12 Hopekin',4,21,2),
(10,'1945-01-11','Steve','3431249817','12 Eldgin',5,22,11),
(11,'1973-10-04','Aleks','342329387432222hi','12 Eldgin',6,22,4),
(12,'1943-01-20','Vladimir','342329387432222hi','12 Hopekin',9,22,11)
;insert into ottawaspoon.MenuItem(itemID,name,type,category,description,price,restaurantID) values
(1,'rice','food','desert','Drink and you die',86,4),
(2,'ice on ice','food','desert','You can eat me',68,4),
(3,'ice on ice','food','main','You can eat me',87,9),
(4,'ice on ice','beverage','desert','You can eat me',96,11),
(5,'ice on ice','beverage','desert','You are dead',18,5),
(6,'rice','beverage','starter','You can eat me',75,2),
(7,'pear','food','starter','Drink and you die',75,9),
(8,'pear','food','main','You are dead',49,5),
(9,'pear','beverage','starter','Try to eat me',70,12),
(10,'pear','food','starter','You can eat me',63,3)
;insert into ottawaspoon.ratingItem(userId,date,itemID,itemRating,comment) values(9,'1980-12-29',1,3,'Love it'),
(13,'1954-06-13',6,1,'Tried and died'),
(7,'2008-06-01',8,4,'Hope could eat again'),
(11,'2006-07-05',7,2,'Hope could eat again'),
(3,'1970-08-08',4,4,'Seen people die trying'),
(10,'1940-09-02',3,1,'Hope could eat again'),
(9,'1965-03-28',10,4,'Seen people die trying'),
(13,'1964-12-21',6,2,'Tried and died'),
(2,'1997-01-16',1,4,'Seen people die trying'),
(7,'1948-10-01',6,1,'Tried and died')