insert into ottawaspoon.rater (userId,e_mail,name,type,join_date,reputation,password) values
('1','fun@fun.fun','Parami','food critic','Thu Apr 29 01:57:15 EDT 1948',2,'1111'),
('2','oh@simpson.homer','Steve','online','Mon Jan 24 04:56:47 EST 1977',3,'aaaa'),
('3','oh@simpson.homer','Artem','online','Fri May 04 21:11:13 EDT 2001',5,'1111'),
('4','oh@simpson.homer','Aleks','food critic','Sat Aug 26 20:33:37 EDT 1967',4,'aaaa'),
('5','fun@fun.fun','Josh','blog','Sun Jun 28 08:35:54 EDT 1987',1,'cccc'),
('6','home@canada.home','Alen','blog','Wed Oct 05 01:18:09 EDT 1966',2,'bbbb'),
('7','oh@simpson.homer','Josh','blog','Fri May 11 11:23:07 EDT 1990',4,'1111'),
('8','home@canada.home','Just Batman','blog','Fri Jan 21 13:08:06 EST 1949',1,'bbbb'),
('9','home@canada.home','Steven','food critic','Thu Jun 08 05:22:07 EDT 2000',3,'1111'),
('10','fun@fun.fun','HisName','online','Mon Sep 13 18:38:39 EDT 1965',3,'1111'),
('11','fun@fun.fun','Robin','food critic','Sun Mar 22 21:04:11 EST 1964',4,'cccc'),
('12','hi@what.see','Barbara','online','Tue Dec 12 05:38:09 EST 1989',3,'bbbb'),
('13','fun@fun.fun','Baraque','food critic','Tue Dec 03 23:02:21 EST 1985',3,'bbbb'),
('14','fun@fun.fun','Vladimir','online','Thu Apr 17 00:55:49 EDT 2003',1,'aaaa'),
('15','oh@simpson.homer','Donald','online','Sat May 05 07:34:31 EDT 1979',3,'1111'),
('16','fun@fun.fun','Vader','online','Fri Dec 01 12:11:46 EST 1961',1,'1111'),
('17','home@canada.home','C3PO','food critic','Mon Mar 04 23:33:18 EDT 1974',5,'aaaa')
;insert into ottawaspoon.restaurant(restaurantID,name,type,url) values(1,'King for the people','indian','www.form.com'),
(2,'Chopped head','candian','www.form.com'),
(3,'Mug you','chineese','www.ed.fred'),
(4,'Not welcome','thai','www.form.com'),
(5,'Dead on the inside','indian','www.ed.fred'),
(6,'You Fool!','ucranian','www.form.com'),
(7,'Come come','chineese','www.ed.fred'),
(8,'I know what you did last summer','georgian','www.form.com'),
(9,'You eat we see','russian','www.das.ca'),
(10,'Hi how are you','georgian','www.ed.fred'),
(11,'Strange soup','italian','www.hat.co'),
(12,'Cooking on your head','ucranian','www.form.com')
;insert into ottawaspoon.rating (userId,date,price,food,mood,staff,comment,restaurantID) values
(2,'Mon Dec 27 15:23:41 EST 1965',3,3,3,4,'I was never so happy',11),
(2,'Thu Nov 22 22:17:12 EST 1962',5,3,2,2,'I like it',9),
(2,'Thu Feb 01 01:01:46 EST 1951',2,2,4,1,'I was never so happy',8),
(2,'Tue Jun 16 08:47:27 EDT 1959',5,5,1,1,'I like it',10),
(2,'Sat May 23 11:31:03 EDT 1964',4,5,2,4,'How can you not love this place',10),
(2,'Mon Oct 14 08:46:51 EDT 1968',1,1,2,5,'I was never so happy',10),
(2,'Tue Apr 02 01:05:54 EST 1968',4,3,1,4,'I like it',12),
(2,'Fri Aug 13 18:43:53 EDT 1965',4,2,4,1,'I was never so happy',5),
(2,'Wed Mar 11 00:34:32 EST 1964',2,5,3,4,'I was never so happy',7),
(2,'Wed Nov 13 03:12:41 EST 1985',5,2,1,1,'I like it',4),
(3,'Sat Feb 03 12:10:24 EST 1979',3,4,2,5,'It was bad',5),
(3,'Sat May 09 03:58:20 EDT 1981',1,3,1,5,'How can you not love this place',7),
(3,'Tue Mar 22 13:02:28 EST 1960',4,3,5,4,'I was never so happy',6),
(3,'Wed Feb 01 01:04:41 EST 1967',1,4,2,4,'I like it',11),
(3,'Mon Aug 07 04:59:36 EDT 1995',4,2,2,4,'It was bad',7),
(3,'Wed Aug 27 14:40:23 EDT 1947',3,5,5,4,'I like it',7),
(3,'Mon Sep 04 09:44:06 EDT 1961',5,4,1,1,'I was never so happy',8),
(3,'Thu Oct 09 11:14:23 EST 1941',2,4,4,2,'I like it',9),
(3,'Tue Feb 19 06:51:36 EST 1985',2,3,5,1,'It was bad',11),
(3,'Sun Sep 20 11:19:53 EDT 1964',1,5,5,2,'How can you not love this place',2),
(4,'Sat Dec 26 01:57:20 EST 1970',3,2,3,3,'How can you not love this place',10),
(4,'Tue Jul 23 19:52:29 EDT 2002',1,4,2,4,'I like it',2),
(4,'Sat Feb 15 22:58:58 EST 1997',2,2,3,2,'How can you not love this place',6),
(4,'Mon Apr 07 14:22:47 EST 1952',4,3,1,3,'It was bad',7),
(4,'Thu Aug 13 04:19:18 EDT 1970',4,5,5,5,'It was bad',5),
(4,'Fri Aug 30 22:46:00 EDT 1985',5,3,1,2,'I was never so happy',12),
(4,'Fri Mar 08 21:38:19 EST 1946',1,5,1,2,'I like it',11),
(4,'Wed Sep 02 12:17:11 EDT 1998',2,1,3,2,'I was never so happy',12),
(4,'Tue Apr 01 18:33:31 EST 1997',1,4,2,4,'It was bad',11),
(4,'Sat Sep 17 01:52:57 EDT 1977',5,4,1,5,'How can you not love this place',10),
(5,'Sun Apr 22 15:29:07 EST 1956',5,1,4,3,'I like it',10),
(5,'Fri Jan 02 08:46:30 EST 1942',2,5,5,4,'How can you not love this place',5),
(5,'Mon Aug 24 07:08:20 EDT 1998',1,4,5,1,'It was bad',4),
(5,'Tue Dec 14 18:22:55 EST 1954',4,1,5,4,'How can you not love this place',7),
(5,'Tue Sep 20 10:15:59 EDT 2005',1,1,4,5,'I was never so happy',12),
(5,'Wed Jun 07 12:47:37 EDT 1967',5,5,1,5,'It was bad',12),
(5,'Sun Apr 04 06:44:27 EST 1982',1,1,4,2,'It was bad',10),
(5,'Tue Jan 10 13:49:13 EST 1984',4,5,5,4,'I was never so happy',7),
(5,'Wed Jul 07 02:55:10 EDT 1954',1,4,2,5,'It was bad',3),
(5,'Fri Sep 09 03:53:34 EDT 1977',3,3,4,1,'It was bad',4),
(6,'Tue Jul 23 12:48:39 EDT 1957',5,2,4,5,'I like it',1),
(6,'Thu Jan 16 23:04:28 EST 1969',3,3,2,2,'I was never so happy',2),
(6,'Sat Sep 05 08:23:25 EDT 1981',3,2,1,2,'It was bad',5),
(6,'Sat Nov 21 21:46:40 EST 1998',3,3,4,4,'I like it',3),
(6,'Sat Oct 13 20:37:42 EDT 1956',1,1,4,5,'I like it',8),
(6,'Fri Feb 23 03:50:50 EST 1940',1,3,2,3,'I like it',2),
(6,'Fri Jul 14 13:39:48 EDT 1995',4,3,4,1,'It was bad',5),
(6,'Tue Jan 02 03:07:01 EST 2001',3,4,2,2,'I was never so happy',12),
(6,'Sat Apr 11 16:42:54 EST 1959',5,1,4,4,'It was bad',9),
(6,'Sat Mar 29 13:42:45 EST 1947',1,4,2,4,'It was bad',5),
(7,'Sun Sep 01 14:25:10 EDT 1985',2,1,2,5,'It was bad',1),
(7,'Sun Dec 31 14:51:45 EST 1967',4,1,3,2,'It was bad',7),
(7,'Wed Apr 30 13:53:14 EDT 1997',1,4,5,5,'I was never so happy',8),
(7,'Mon Sep 07 15:18:06 EDT 1998',5,2,3,5,'It was bad',4),
(7,'Sun Dec 30 22:43:22 EST 2001',3,2,4,2,'How can you not love this place',7),
(7,'Mon Feb 11 16:54:09 EST 1946',5,3,2,1,'It was bad',8),
(7,'Sun May 07 01:57:14 EDT 1972',5,4,1,2,'I like it',4),
(7,'Tue Feb 19 07:00:00 EST 2002',3,5,2,2,'It was bad',8),
(7,'Fri Mar 09 08:44:17 EST 1984',5,1,4,2,'It was bad',11),
(7,'Fri Feb 29 12:34:14 EST 1952',5,2,2,3,'I was never so happy',9),
(8,'Tue Jul 20 12:35:12 EDT 1943',3,2,5,1,'I like it',3),
(8,'Tue Oct 19 00:10:15 EDT 1965',4,2,1,3,'I was never so happy',2),
(8,'Sat Apr 20 02:01:25 EST 1957',4,5,1,5,'I was never so happy',5),
(8,'Sun May 14 04:57:40 EDT 1944',5,3,1,3,'I like it',9),
(8,'Fri Dec 01 21:42:26 EST 1995',4,3,3,1,'I like it',3),
(8,'Thu Oct 16 17:54:47 EST 1947',5,1,3,3,'I was never so happy',4),
(8,'Sat Jan 26 00:28:00 EST 2002',3,4,2,1,'It was bad',4),
(8,'Sat Jun 19 08:19:03 EDT 1954',1,2,1,1,'I was never so happy',10),
(8,'Sat Aug 26 05:27:24 EDT 2006',1,2,2,1,'It was bad',2),
(8,'Wed Dec 24 10:23:16 EST 2003',1,2,4,1,'It was bad',10),
(9,'Fri Oct 18 02:51:38 EDT 1991',2,2,3,4,'How can you not love this place',6),
(9,'Sat Jan 20 14:03:37 EST 1951',3,5,5,2,'It was bad',10),
(9,'Mon Jan 21 23:24:12 EST 2008',4,3,5,5,'It was bad',7),
(9,'Fri Aug 02 22:41:42 EDT 1963',3,4,4,3,'How can you not love this place',7),
(9,'Wed Dec 27 23:21:40 EST 1978',5,2,3,4,'It was bad',12),
(9,'Wed Sep 24 15:19:41 EDT 2003',1,5,1,5,'I like it',11),
(9,'Fri May 06 18:48:06 EDT 1977',2,2,2,1,'I like it',11),
(9,'Sun Aug 27 21:00:52 EDT 2000',4,5,4,2,'How can you not love this place',2),
(9,'Wed Jul 06 21:16:01 EDT 1949',5,3,4,2,'It was bad',8),
(9,'Mon Oct 11 02:53:50 EDT 1971',5,5,5,3,'I like it',4),
(10,'Tue Jun 24 14:10:16 EDT 1958',2,1,4,2,'I like it',11),
(10,'Tue Aug 24 07:41:15 EDT 1999',5,2,3,3,'How can you not love this place',4),
(10,'Wed Dec 12 11:55:17 EST 1990',1,5,3,5,'It was bad',11),
(10,'Tue Nov 17 23:53:37 EST 1992',4,4,3,4,'I like it',9),
(10,'Sat Dec 21 20:48:33 EST 1963',2,3,3,3,'I was never so happy',5),
(10,'Sat Aug 08 20:45:14 EDT 2009',5,1,3,4,'I was never so happy',10),
(10,'Fri Jul 13 18:22:37 EDT 1951',3,1,2,4,'I like it',12),
(10,'Sun Feb 07 17:15:39 EST 1993',5,4,3,3,'How can you not love this place',12),
(10,'Thu Dec 09 09:26:59 EST 1982',3,1,5,4,'I like it',11),
(10,'Tue Aug 02 08:08:08 EDT 1983',1,5,4,2,'I like it',3),
(11,'Wed Sep 07 18:15:32 EDT 1949',1,2,2,1,'It was bad',12),
(11,'Thu Jan 08 09:42:06 EST 1976',5,5,2,5,'It was bad',8),
(11,'Wed Nov 16 01:37:00 EST 1977',4,2,4,1,'I like it',9),
(11,'Sun Jun 07 08:31:02 EDT 1959',1,4,2,2,'I was never so happy',9),
(11,'Tue Oct 23 03:16:53 EDT 1973',3,1,1,3,'It was bad',11),
(11,'Mon May 22 23:44:45 EDT 1944',5,3,2,5,'It was bad',12),
(11,'Thu Aug 06 21:57:14 EDT 1953',5,4,4,1,'It was bad',4),
(11,'Wed Jun 04 18:04:11 EDT 1997',4,3,5,2,'It was bad',3),
(11,'Fri Feb 20 03:52:17 EST 1998',4,2,2,5,'How can you not love this place',11),
(11,'Sat Feb 20 02:23:23 EST 1999',5,1,2,5,'I like it',1),
(12,'Wed May 11 12:43:41 EDT 1949',2,1,4,5,'I like it',11),
(12,'Tue Dec 01 16:40:48 EST 1964',4,4,4,4,'I was never so happy',2),
(12,'Mon Jun 22 07:27:36 EDT 1992',2,4,4,5,'I like it',8),
(12,'Sun Jul 31 16:36:00 EDT 1949',2,5,2,2,'I like it',3),
(12,'Fri Feb 19 08:46:11 EST 1965',5,3,4,5,'It was bad',4),
(12,'Thu Jul 15 13:21:48 EDT 1948',3,2,4,2,'It was bad',9),
(12,'Sat Nov 16 11:36:35 EST 1946',5,5,3,3,'It was bad',8),
(12,'Tue Feb 29 02:28:00 EDT 1944',1,3,2,1,'How can you not love this place',11),
(12,'Wed Aug 23 16:14:10 EDT 1967',3,5,1,1,'It was bad',8),
(12,'Thu Feb 06 03:35:34 EST 1958',4,2,2,3,'I like it',10),
(13,'Sat Mar 24 07:19:23 EST 1973',1,3,4,5,'It was bad',10),
(13,'Fri May 22 04:42:35 EDT 1992',5,3,5,3,'I like it',1),
(13,'Wed May 08 09:53:45 EDT 1991',5,5,4,5,'I like it',4),
(13,'Mon Dec 05 20:41:58 EST 2005',1,2,2,2,'It was bad',10),
(13,'Wed Feb 05 01:04:05 EST 1969',4,1,1,5,'I like it',6),
(13,'Wed Nov 12 10:29:53 EST 1958',2,1,3,4,'I like it',2),
(13,'Sun Mar 16 08:26:26 EST 1969',2,1,2,4,'It was bad',10),
(13,'Thu Jun 10 12:31:51 EDT 1993',5,2,4,5,'I like it',1),
(13,'Sat Apr 23 04:18:22 EDT 1994',4,1,2,1,'It was bad',9),
(13,'Sun Nov 19 03:21:10 EST 2006',4,1,1,5,'How can you not love this place',12),
(3,'Tue Jun 02 19:35:40 EDT 1992',4,4,2,2,'I like it',3),
(3,'Thu Mar 07 07:18:28 EST 1957',1,1,1,2,'How can you not love this place',3),
(3,'Fri Jan 19 00:00:00 EST 2018',5,4,3,5,'I like it',3),
(3,'Fri Feb 19 00:00:00 EST 2016',4,1,2,1,'I was never so happy',3),
(14,'Fri Aug 19 08:58:49 EDT 1994',3,1,3,2,'I was never so happy',3),
(14,'Thu Apr 08 03:12:59 EST 1954',5,1,3,2,'I like it',3)
;insert into ottawaspoon.location(locationId,open_Date,manager,phone,address,hours_open,hours_close,restaurantID) values(1,'Fri Jul 28 21:45:43 EDT 1989','Steven','24981730','33 Bronson',5,22,8),
(2,'Mon Jul 10 09:41:52 EDT 2000','Just Batman','613whattoDO','34 Johnson',6,15,3),
(3,'Tue Dec 25 13:13:59 EST 1973','Baraque','613whattoDO','12 Eldgin',10,14,6),
(4,'Fri Feb 20 21:38:02 EST 1976','Josh','613whattoDO','34 Johnson',9,13,11),
(5,'Wed Nov 23 05:05:53 EST 1977','Robin','24981730','34 Johnson',6,18,3),
(6,'Mon Jun 21 08:33:12 EDT 1943','Baraque','24981730','12 Hopekin',12,17,12),
(7,'Fri Nov 12 23:12:05 EST 1993','Artem','3431249817','34 Johnson',11,19,4),
(8,'Fri Mar 07 17:45:01 EDT 1975','Baraque','3431249817','12 Eldgin',11,13,3),
(9,'Thu Aug 24 06:53:11 EDT 1944','Barbara','342329387432222hi','12 Eldgin',5,15,12),
(10,'Wed Mar 28 17:28:10 EST 1973','Just Batman','613whattoDO','12 Hopekin',3,15,12),
(11,'Fri May 23 19:34:13 EDT 1947','Josh','342329387432222hi','33 Bronson',4,13,11),
(12,'Sat Feb 21 15:50:01 EST 1987','HisName','342329387432222hi','33 Bronson',10,20,9)
;insert into ottawaspoon.MenuItem(itemID,name,type,category,description,price,restaurantID) values
(1,'fish','beverage','starter','Try to eat me',69,1),
(2,'rice','beverage','starter','You can eat me',93,1),
(3,'meat','food','starter','You are dead',17,1),
(4,'pear','food','starter','Drink and you die',75,1),
(5,'meat','food','main','Drink and you die',58,1),
(6,'pear','food','main','Drink and you die',55,1),
(7,'bear with beer','food','starter','You are dead',11,1),
(8,'fish','food','starter','You are dead',36,1),
(9,'fish','food','desert','You are dead',50,1),
(10,'ice on ice','food','starter','Drink and you die',89,1),
(11,'meat','beverage','starter','Try to eat me',32,2),
(12,'ice on ice','beverage','starter','Drink and you die',27,2),
(13,'bear with beer','food','main','Try to eat me',94,2),
(14,'ice on ice','beverage','main','You can eat me',44,2),
(15,'meat','food','desert','Drink and you die',3,2),
(16,'ice on ice','food','desert','You can eat me',25,2),
(17,'rice','food','main','You are dead',92,2),
(18,'ice on ice','beverage','main','Try to eat me',9,2),
(19,'meat','beverage','starter','You can eat me',66,2),
(20,'meat','food','desert','You can eat me',36,2),
(21,'pear','food','starter','Try to eat me',99,3),
(22,'fish','beverage','desert','You can eat me',71,3),
(23,'meat','beverage','main','You can eat me',31,3),
(24,'bear with beer','food','desert','You can eat me',83,3),
(25,'pear','food','desert','Drink and you die',79,3),
(26,'ice on ice','food','starter','Drink and you die',22,3),
(27,'bear with beer','beverage','desert','You are dead',10,3),
(28,'rice','beverage','starter','Try to eat me',42,3),
(29,'ice on ice','food','desert','Drink and you die',55,3),
(30,'ice on ice','food','main','You are dead',26,3),
(31,'fish','food','desert','You can eat me',61,4),
(32,'fish','food','desert','Try to eat me',42,4),
(33,'bear with beer','food','desert','You are dead',19,4),
(34,'ice on ice','beverage','desert','You can eat me',70,4),
(35,'bear with beer','beverage','desert','Try to eat me',63,4),
(36,'bear with beer','food','desert','Drink and you die',56,4),
(37,'meat','food','starter','You are dead',57,4),
(38,'meat','food','desert','You can eat me',80,4),
(39,'fish','food','desert','You are dead',61,4),
(40,'pear','food','desert','You are dead',87,4),
(41,'meat','beverage','starter','Drink and you die',48,5),
(42,'meat','beverage','starter','You can eat me',69,5),
(43,'ice on ice','food','desert','Drink and you die',86,5),
(44,'pear','food','starter','Drink and you die',41,5),
(45,'meat','beverage','main','You are dead',54,5),
(46,'pear','food','desert','Drink and you die',58,5),
(47,'bear with beer','beverage','desert','You are dead',27,5),
(48,'fish','food','starter','You can eat me',52,5),
(49,'bear with beer','food','desert','Drink and you die',40,5),
(50,'ice on ice','food','starter','You can eat me',33,5),
(51,'fish','beverage','desert','Drink and you die',94,6),
(52,'rice','beverage','starter','Drink and you die',7,6),
(53,'pear','beverage','starter','You can eat me',96,6),
(54,'ice on ice','beverage','desert','Drink and you die',10,6),
(55,'meat','food','main','Drink and you die',42,6),
(56,'pear','beverage','starter','You are dead',41,6),
(57,'pear','beverage','desert','You can eat me',85,6),
(58,'meat','beverage','main','Try to eat me',38,6),
(59,'pear','beverage','desert','You are dead',5,6),
(60,'ice on ice','beverage','starter','Try to eat me',84,6),
(61,'rice','food','main','You can eat me',21,7),
(62,'ice on ice','beverage','starter','Drink and you die',84,7),
(63,'bear with beer','beverage','starter','You can eat me',11,7),
(64,'pear','beverage','main','You are dead',57,7),
(65,'bear with beer','food','desert','You can eat me',57,7),
(66,'meat','beverage','starter','You can eat me',55,7),
(67,'ice on ice','beverage','main','Try to eat me',97,7),
(68,'fish','food','main','Drink and you die',93,7),
(69,'bear with beer','food','starter','You are dead',48,7),
(70,'rice','food','desert','You are dead',12,7),
(71,'meat','beverage','desert','Drink and you die',29,8),
(72,'rice','food','starter','You are dead',56,8),
(73,'ice on ice','food','desert','Try to eat me',12,8),
(74,'rice','beverage','main','You are dead',78,8),
(75,'ice on ice','beverage','starter','You can eat me',7,8),
(76,'meat','beverage','starter','Drink and you die',30,8),
(77,'ice on ice','food','starter','Try to eat me',78,8),
(78,'fish','beverage','desert','You are dead',20,8),
(79,'meat','food','main','Drink and you die',52,8),
(80,'pear','food','starter','Try to eat me',58,8),
(81,'pear','food','desert','Drink and you die',15,9),
(82,'bear with beer','beverage','desert','Drink and you die',86,9),
(83,'ice on ice','food','main','Drink and you die',78,9),
(84,'bear with beer','beverage','main','Try to eat me',71,9),
(85,'ice on ice','food','desert','Drink and you die',35,9),
(86,'meat','food','desert','Drink and you die',16,9),
(87,'rice','beverage','main','You can eat me',99,9),
(88,'ice on ice','beverage','starter','Try to eat me',29,9),
(89,'fish','food','desert','You are dead',97,9),
(90,'meat','beverage','desert','Drink and you die',60,9),
(91,'bear with beer','food','starter','You are dead',71,10),
(92,'bear with beer','beverage','desert','You can eat me',15,10),
(93,'ice on ice','food','main','Drink and you die',95,10),
(94,'meat','beverage','desert','Try to eat me',73,10),
(95,'fish','beverage','desert','You can eat me',20,10),
(96,'rice','beverage','starter','You can eat me',91,10),
(97,'fish','beverage','desert','You can eat me',21,10),
(98,'meat','food','main','You can eat me',14,10),
(99,'fish','beverage','desert','Drink and you die',100,10),
(100,'fish','food','main','Try to eat me',86,10),
(101,'pear','beverage','main','Try to eat me',32,11),
(102,'ice on ice','beverage','starter','Drink and you die',19,11),
(103,'meat','beverage','starter','Drink and you die',18,11),
(104,'bear with beer','food','starter','Drink and you die',36,11),
(105,'meat','food','main','You are dead',94,11),
(106,'ice on ice','beverage','desert','You are dead',79,11),
(107,'bear with beer','beverage','starter','You can eat me',7,11),
(108,'ice on ice','beverage','starter','Try to eat me',92,11),
(109,'pear','beverage','main','You can eat me',32,11),
(110,'bear with beer','beverage','desert','You can eat me',28,11),
(111,'pear','food','starter','Drink and you die',66,12),
(112,'ice on ice','food','main','You can eat me',15,12),
(113,'fish','food','main','You are dead',99,12),
(114,'bear with beer','food','desert','You are dead',80,12),
(115,'meat','food','main','Try to eat me',10,12),
(116,'bear with beer','food','starter','Drink and you die',31,12),
(117,'rice','beverage','desert','You are dead',45,12),
(118,'meat','food','main','You are dead',82,12),
(119,'pear','beverage','main','You are dead',45,12),
(120,'rice','beverage','desert','Drink and you die',39,12)
;insert into ottawaspoon.ratingItem(userId,date,itemID,itemRating,comment) values(2,'Mon Dec 27 15:23:41 EST 1965',84,2,'Tried and died'),
(2,'Thu Nov 22 22:17:12 EST 1962',115,5,'Seen people die trying'),
(2,'Thu Feb 01 01:01:46 EST 1951',114,1,'Hope could eat again'),
(2,'Tue Jun 16 08:47:27 EDT 1959',80,4,'Tried and died'),
(2,'Sat May 23 11:31:03 EDT 1964',81,3,'Tried and died'),
(2,'Mon Oct 14 08:46:51 EDT 1968',38,4,'Seen people die trying'),
(2,'Tue Apr 02 01:05:54 EST 1968',32,3,'Hope could eat again'),
(2,'Fri Aug 13 18:43:53 EDT 1965',108,3,'Hope could eat again'),
(2,'Wed Mar 11 00:34:32 EST 1964',111,5,'Seen people die trying'),
(2,'Wed Nov 13 03:12:41 EST 1985',93,5,'Tried and died'),
(3,'Sat Feb 03 12:10:24 EST 1979',56,2,'Tried and died'),
(3,'Sat May 09 03:58:20 EDT 1981',72,3,'Hope could eat again'),
(3,'Tue Mar 22 13:02:28 EST 1960',49,4,'Seen people die trying'),
(3,'Wed Feb 01 01:04:41 EST 1967',99,3,'Seen people die trying'),
(3,'Mon Aug 07 04:59:36 EDT 1995',28,1,'Hope could eat again'),
(3,'Wed Aug 27 14:40:23 EDT 1947',18,4,'Hope could eat again'),
(3,'Mon Sep 04 09:44:06 EDT 1961',67,5,'Hope could eat again'),
(3,'Thu Oct 09 11:14:23 EST 1941',13,3,'Hope could eat again'),
(3,'Tue Feb 19 06:51:36 EST 1985',13,2,'Love it'),
(3,'Sun Sep 20 11:19:53 EDT 1964',37,3,'Hope could eat again'),
(4,'Sat Dec 26 01:57:20 EST 1970',87,2,'Love it'),
(4,'Tue Jul 23 19:52:29 EDT 2002',54,5,'Seen people die trying'),
(4,'Sat Feb 15 22:58:58 EST 1997',72,4,'Love it'),
(4,'Mon Apr 07 14:22:47 EST 1952',39,2,'Tried and died'),
(4,'Thu Aug 13 04:19:18 EDT 1970',21,3,'Love it'),
(4,'Fri Aug 30 22:46:00 EDT 1985',3,1,'Tried and died'),
(4,'Fri Mar 08 21:38:19 EST 1946',84,5,'Love it'),
(4,'Wed Sep 02 12:17:11 EDT 1998',109,1,'Seen people die trying'),
(4,'Tue Apr 01 18:33:31 EST 1997',13,5,'Hope could eat again'),
(4,'Sat Sep 17 01:52:57 EDT 1977',59,2,'Hope could eat again'),
(5,'Sun Apr 22 15:29:07 EST 1956',87,4,'Tried and died'),
(5,'Fri Jan 02 08:46:30 EST 1942',57,5,'Tried and died'),
(5,'Mon Aug 24 07:08:20 EDT 1998',21,4,'Love it'),
(5,'Tue Dec 14 18:22:55 EST 1954',47,5,'Seen people die trying'),
(5,'Tue Sep 20 10:15:59 EDT 2005',118,3,'Tried and died'),
(5,'Wed Jun 07 12:47:37 EDT 1967',14,3,'Love it'),
(5,'Sun Apr 04 06:44:27 EST 1982',7,3,'Seen people die trying'),
(5,'Tue Jan 10 13:49:13 EST 1984',88,2,'Tried and died'),
(5,'Wed Jul 07 02:55:10 EDT 1954',7,4,'Seen people die trying'),
(5,'Fri Sep 09 03:53:34 EDT 1977',20,4,'Tried and died'),
(6,'Tue Jul 23 12:48:39 EDT 1957',15,3,'Seen people die trying'),
(6,'Thu Jan 16 23:04:28 EST 1969',44,2,'Hope could eat again'),
(6,'Sat Sep 05 08:23:25 EDT 1981',24,4,'Hope could eat again'),
(6,'Sat Nov 21 21:46:40 EST 1998',30,3,'Tried and died'),
(6,'Sat Oct 13 20:37:42 EDT 1956',31,5,'Seen people die trying'),
(6,'Fri Feb 23 03:50:50 EST 1940',8,4,'Tried and died'),
(6,'Fri Jul 14 13:39:48 EDT 1995',71,4,'Seen people die trying'),
(6,'Tue Jan 02 03:07:01 EST 2001',118,2,'Love it'),
(6,'Sat Apr 11 16:42:54 EST 1959',89,4,'Hope could eat again'),
(6,'Sat Mar 29 13:42:45 EST 1947',70,1,'Love it'),
(7,'Sun Sep 01 14:25:10 EDT 1985',4,1,'Hope could eat again'),
(7,'Sun Dec 31 14:51:45 EST 1967',79,3,'Love it'),
(7,'Wed Apr 30 13:53:14 EDT 1997',103,5,'Tried and died'),
(7,'Mon Sep 07 15:18:06 EDT 1998',49,5,'Tried and died'),
(7,'Sun Dec 30 22:43:22 EST 2001',59,5,'Tried and died'),
(7,'Mon Feb 11 16:54:09 EST 1946',120,5,'Seen people die trying'),
(7,'Sun May 07 01:57:14 EDT 1972',3,1,'Seen people die trying'),
(7,'Tue Feb 19 07:00:00 EST 2002',107,5,'Seen people die trying'),
(7,'Fri Mar 09 08:44:17 EST 1984',58,4,'Hope could eat again'),
(7,'Fri Feb 29 12:34:14 EST 1952',111,1,'Love it'),
(8,'Tue Jul 20 12:35:12 EDT 1943',23,2,'Tried and died'),
(8,'Tue Oct 19 00:10:15 EDT 1965',88,3,'Hope could eat again'),
(8,'Sat Apr 20 02:01:25 EST 1957',80,5,'Love it'),
(8,'Sun May 14 04:57:40 EDT 1944',7,3,'Tried and died'),
(8,'Fri Dec 01 21:42:26 EST 1995',42,4,'Hope could eat again'),
(8,'Thu Oct 16 17:54:47 EST 1947',18,3,'Seen people die trying'),
(8,'Sat Jan 26 00:28:00 EST 2002',86,1,'Love it'),
(8,'Sat Jun 19 08:19:03 EDT 1954',5,5,'Tried and died'),
(8,'Sat Aug 26 05:27:24 EDT 2006',118,5,'Love it'),
(8,'Wed Dec 24 10:23:16 EST 2003',16,2,'Tried and died'),
(9,'Fri Oct 18 02:51:38 EDT 1991',48,5,'Seen people die trying'),
(9,'Sat Jan 20 14:03:37 EST 1951',12,1,'Love it'),
(9,'Mon Jan 21 23:24:12 EST 2008',28,1,'Tried and died'),
(9,'Fri Aug 02 22:41:42 EDT 1963',39,2,'Seen people die trying'),
(9,'Wed Dec 27 23:21:40 EST 1978',40,3,'Tried and died'),
(9,'Wed Sep 24 15:19:41 EDT 2003',34,4,'Hope could eat again'),
(9,'Fri May 06 18:48:06 EDT 1977',64,3,'Hope could eat again'),
(9,'Sun Aug 27 21:00:52 EDT 2000',97,2,'Hope could eat again'),
(9,'Wed Jul 06 21:16:01 EDT 1949',33,3,'Love it'),
(9,'Mon Oct 11 02:53:50 EDT 1971',58,3,'Hope could eat again'),
(10,'Tue Jun 24 14:10:16 EDT 1958',120,2,'Tried and died'),
(10,'Tue Aug 24 07:41:15 EDT 1999',43,2,'Hope could eat again'),
(10,'Wed Dec 12 11:55:17 EST 1990',12,3,'Love it'),
(10,'Tue Nov 17 23:53:37 EST 1992',81,2,'Love it'),
(10,'Sat Dec 21 20:48:33 EST 1963',83,4,'Seen people die trying'),
(10,'Sat Aug 08 20:45:14 EDT 2009',15,5,'Love it'),
(10,'Fri Jul 13 18:22:37 EDT 1951',19,2,'Hope could eat again'),
(10,'Sun Feb 07 17:15:39 EST 1993',60,5,'Tried and died'),
(10,'Thu Dec 09 09:26:59 EST 1982',80,5,'Love it'),
(10,'Tue Aug 02 08:08:08 EDT 1983',23,3,'Love it'),
(11,'Wed Sep 07 18:15:32 EDT 1949',91,1,'Love it'),
(11,'Thu Jan 08 09:42:06 EST 1976',72,1,'Seen people die trying'),
(11,'Wed Nov 16 01:37:00 EST 1977',53,1,'Love it'),
(11,'Sun Jun 07 08:31:02 EDT 1959',70,1,'Seen people die trying'),
(11,'Tue Oct 23 03:16:53 EDT 1973',68,3,'Hope could eat again'),
(11,'Mon May 22 23:44:45 EDT 1944',97,2,'Love it'),
(11,'Thu Aug 06 21:57:14 EDT 1953',118,3,'Love it'),
(11,'Wed Jun 04 18:04:11 EDT 1997',97,2,'Tried and died'),
(11,'Fri Feb 20 03:52:17 EST 1998',47,5,'Seen people die trying'),
(11,'Sat Feb 20 02:23:23 EST 1999',23,4,'Seen people die trying'),
(12,'Wed May 11 12:43:41 EDT 1949',72,5,'Love it'),
(12,'Tue Dec 01 16:40:48 EST 1964',30,5,'Hope could eat again'),
(12,'Mon Jun 22 07:27:36 EDT 1992',118,3,'Seen people die trying'),
(12,'Sun Jul 31 16:36:00 EDT 1949',101,4,'Hope could eat again'),
(12,'Fri Feb 19 08:46:11 EST 1965',114,4,'Tried and died'),
(12,'Thu Jul 15 13:21:48 EDT 1948',45,4,'Tried and died'),
(12,'Sat Nov 16 11:36:35 EST 1946',14,5,'Seen people die trying'),
(12,'Tue Feb 29 02:28:00 EDT 1944',17,1,'Hope could eat again'),
(12,'Wed Aug 23 16:14:10 EDT 1967',77,3,'Hope could eat again'),
(12,'Thu Feb 06 03:35:34 EST 1958',69,3,'Hope could eat again'),
(13,'Sat Mar 24 07:19:23 EST 1973',16,5,'Love it'),
(13,'Fri May 22 04:42:35 EDT 1992',77,4,'Hope could eat again'),
(13,'Wed May 08 09:53:45 EDT 1991',19,4,'Seen people die trying'),
(13,'Mon Dec 05 20:41:58 EST 2005',29,1,'Love it'),
(13,'Wed Feb 05 01:04:05 EST 1969',96,5,'Tried and died'),
(13,'Wed Nov 12 10:29:53 EST 1958',63,1,'Tried and died'),
(13,'Sun Mar 16 08:26:26 EST 1969',15,1,'Seen people die trying'),
(13,'Thu Jun 10 12:31:51 EDT 1993',74,2,'Tried and died'),
(13,'Sat Apr 23 04:18:22 EDT 1994',66,5,'Tried and died'),
(13,'Sun Nov 19 03:21:10 EST 2006',42,1,'Love it'),
(3,'Tue Jun 02 19:35:40 EDT 1992',66,2,'Hope could eat again'),
(3,'Thu Mar 07 07:18:28 EST 1957',82,1,'Hope could eat again'),
(3,'Fri Jan 19 00:00:00 EST 2018',39,2,'Seen people die trying'),
(3,'Fri Feb 19 00:00:00 EST 2016',60,2,'Seen people die trying'),
(14,'Fri Aug 19 08:58:49 EDT 1994',20,1,'Seen people die trying'),
(14,'Thu Apr 08 03:12:59 EST 1954',15,2,'Hope could eat again')