insert into ottawaspoon.rater (userId,e_mail,name,type,join_date,reputation,password) values
('1','oh@simpson.homer','Josh','online','1980-09-24',4,'1111'),
('2','oh@simpson.homer','Just Batman','online','2005-04-08',4,'1111'),
('3','fun@fun.fun','Josh','online','1977-08-06',3,'aaaa'),
('4','home@canada.home','Vladimir','online','2007-03-15',5,'cccc'),
('5','fun@fun.fun','Aleks','blog','1969-08-18',3,'1111'),
('6','oh@simpson.homer','Donald','food critic','1991-10-23',5,'aaaa'),
('7','home@canada.home','Aleks','online','2000-11-25',1,'bbbb'),
('8','home@canada.home','Parami','online','1995-11-02',2,'cccc'),
('9','hi@what.see','Steven','food critic','1993-05-02',4,'aaaa'),
('10','hi@what.see','Artem','blog','1975-03-26',4,'bbbb'),
('11','fun@fun.fun','Robin','food critic','1972-08-19',1,'bbbb'),
('12','oh@simpson.homer','Alen','food critic','1991-05-30',2,'cccc'),
('13','oh@simpson.homer','Parami','blog','1986-12-31',1,'bbbb'),
('14','hi@what.see','Aleks','blog','1943-07-06',1,'cccc'),
('15','hi@what.see','Josh','blog','1992-04-03',3,'aaaa')
;insert into ottawaspoon.restaurant(restaurantID,name,type,url) values(1,'King for the people','georgian','www.das.ca'),
(2,'Chopped head','italian','www.form.com'),
(3,'Mug you','ucranian','www.hat.co'),
(4,'Not welcome','italian','www.das.ca'),
(5,'Dead on the inside','candian','www.form.com'),
(6,'You Fool!','ucranian','www.ed.fred'),
(7,'Come come','russian','www.das.ca'),
(8,'I know what you did last summer','thai','www.form.com'),
(9,'You eat we see','russian','www.das.ca'),
(10,'Hi how are you','chineese','www.form.com'),
(11,'Strange soup','indian','www.form.com'),
(12,'Cooking on your head','georgian','www.ed.fred')
;insert into ottawaspoon.rating (userId,date,price,food,mood,staff,comment,restaurantID) values
(2,'1968-11-16',2,2,3,1,'It was bad',4),
(2,'1953-11-27',5,1,4,5,'How can you not love this place',5),
(2,'1964-01-19',4,5,1,3,'I was never so happy',5),
(2,'1947-03-08',5,3,2,1,'I like it',4),
(2,'1965-09-15',3,3,4,2,'It was bad',7),
(2,'1980-11-27',1,4,2,5,'I was never so happy',10),
(2,'1980-04-16',5,2,4,3,'How can you not love this place',9),
(2,'1991-07-31',4,1,5,2,'I like it',10),
(2,'1946-12-26',5,3,5,3,'I like it',6),
(2,'1958-01-29',1,2,1,5,'I like it',6),
(3,'1950-08-14',1,1,1,2,'How can you not love this place',9),
(3,'1994-01-30',4,4,2,4,'I like it',7),
(3,'2007-01-09',3,2,5,1,'I was never so happy',3),
(3,'1994-05-11',2,4,1,5,'How can you not love this place',2),
(3,'1969-09-03',4,1,1,3,'How can you not love this place',11),
(3,'2000-08-10',1,2,2,4,'It was bad',12),
(3,'1997-03-19',2,2,4,1,'How can you not love this place',11),
(3,'1975-03-05',2,4,5,4,'How can you not love this place',12),
(3,'1986-06-01',4,2,2,5,'How can you not love this place',2),
(3,'1989-06-04',1,3,5,5,'I like it',3),
(4,'1942-07-22',1,1,1,4,'How can you not love this place',3),
(4,'1993-08-27',3,1,3,5,'It was bad',10),
(4,'1945-04-24',4,2,2,3,'It was bad',10),
(4,'2000-02-01',4,3,2,5,'How can you not love this place',9),
(4,'1949-08-05',3,4,4,3,'I like it',11),
(4,'2001-09-01',5,1,2,5,'It was bad',9),
(4,'1950-10-19',1,4,5,2,'I like it',2),
(4,'1955-09-05',4,5,1,4,'I was never so happy',7),
(4,'2002-10-28',4,1,1,1,'How can you not love this place',3),
(4,'1970-05-11',5,3,1,2,'It was bad',11),
(5,'1954-09-27',2,4,1,5,'I like it',11),
(5,'1996-06-27',1,5,3,4,'How can you not love this place',4),
(5,'1946-06-27',5,3,2,2,'I was never so happy',7),
(5,'1970-05-06',1,4,1,1,'It was bad',5),
(5,'1947-07-17',3,2,3,5,'It was bad',5),
(5,'1972-07-01',1,2,2,2,'I like it',4),
(5,'2004-04-27',2,5,1,3,'I like it',7),
(5,'1993-12-12',2,5,2,2,'How can you not love this place',9),
(5,'2007-12-17',3,4,1,2,'How can you not love this place',2),
(5,'1958-07-05',1,1,2,2,'I like it',6),
(6,'1944-07-24',4,3,2,4,'It was bad',9),
(6,'1971-12-07',4,1,4,5,'I like it',3),
(6,'2006-01-21',1,5,4,2,'How can you not love this place',8),
(6,'1971-11-18',1,4,1,2,'I was never so happy',7),
(6,'1987-06-03',3,1,2,1,'I was never so happy',10),
(6,'1952-09-11',3,4,1,5,'I like it',7),
(6,'1944-01-11',2,4,1,1,'How can you not love this place',11),
(6,'1982-05-15',2,5,5,4,'It was bad',1),
(6,'1991-10-09',3,1,4,3,'I was never so happy',2),
(6,'1959-02-05',2,2,3,3,'It was bad',12),
(7,'1997-03-28',3,3,2,3,'It was bad',1),
(7,'1941-11-10',1,1,2,4,'It was bad',1),
(7,'1950-03-07',1,2,2,3,'I was never so happy',9),
(7,'2005-05-10',2,1,3,5,'I like it',3),
(7,'1975-10-03',3,5,3,1,'How can you not love this place',2),
(7,'1956-01-09',1,2,5,4,'I like it',2),
(7,'1951-08-10',5,5,5,3,'I was never so happy',4),
(7,'1948-01-13',5,5,1,1,'I like it',11),
(7,'1971-01-04',4,1,3,3,'How can you not love this place',11),
(7,'1993-12-17',5,4,2,2,'I like it',4),
(8,'1975-03-07',3,2,1,5,'How can you not love this place',3),
(8,'1964-05-14',5,1,1,2,'It was bad',7),
(8,'1988-12-03',4,4,3,5,'How can you not love this place',7),
(8,'1969-03-06',3,5,1,2,'How can you not love this place',7),
(8,'1964-02-09',5,5,3,3,'I like it',7),
(8,'1998-06-03',2,2,4,2,'How can you not love this place',11),
(8,'2000-02-28',4,3,3,3,'I was never so happy',1),
(8,'1960-03-06',1,4,3,2,'I like it',10),
(8,'1942-04-04',1,5,4,5,'I like it',6),
(8,'1959-11-24',1,5,2,5,'How can you not love this place',12),
(9,'2009-09-03',5,4,3,4,'It was bad',3),
(9,'1991-07-26',1,5,5,5,'I like it',9),
(9,'1961-07-24',2,4,5,3,'I was never so happy',1),
(9,'1984-03-04',1,4,3,1,'It was bad',9),
(9,'1972-12-27',4,1,3,2,'I was never so happy',8),
(9,'2002-10-13',4,5,5,5,'I was never so happy',7),
(9,'1996-07-26',2,2,2,5,'I like it',7),
(9,'1992-07-23',5,2,5,5,'How can you not love this place',11),
(9,'1994-02-06',4,5,4,2,'I like it',10),
(9,'1953-06-03',4,1,5,5,'How can you not love this place',6),
(10,'1955-07-03',1,5,3,1,'It was bad',7),
(10,'1946-04-22',2,3,4,5,'It was bad',12),
(10,'1962-08-14',3,1,2,1,'How can you not love this place',3),
(10,'2003-10-03',2,3,5,3,'I was never so happy',6),
(10,'1978-04-23',4,1,1,5,'I was never so happy',9),
(10,'1978-08-15',4,2,5,4,'How can you not love this place',6),
(10,'1964-08-22',3,2,3,2,'It was bad',6),
(10,'1993-04-07',1,2,4,1,'How can you not love this place',10),
(10,'1941-04-03',3,2,1,5,'How can you not love this place',12),
(10,'1944-03-14',1,2,4,2,'I was never so happy',9),
(11,'2007-10-20',5,1,2,4,'I like it',8),
(11,'2006-03-01',3,4,4,4,'It was bad',4),
(11,'1954-08-30',5,2,4,1,'I like it',5),
(11,'2005-12-02',1,2,4,1,'I like it',7),
(11,'1986-08-21',4,4,1,2,'How can you not love this place',7),
(11,'1953-02-25',4,1,1,3,'How can you not love this place',6),
(11,'1954-07-01',5,2,5,4,'It was bad',7),
(11,'2001-07-10',2,3,3,5,'How can you not love this place',6),
(11,'1969-02-07',5,4,2,3,'It was bad',11),
(11,'1958-09-15',1,2,5,1,'I like it',5),
(12,'1992-09-11',4,2,5,5,'How can you not love this place',1),
(12,'1972-08-29',4,3,5,3,'How can you not love this place',10),
(12,'1952-08-31',5,1,4,2,'I was never so happy',4),
(12,'2004-01-11',1,5,2,2,'It was bad',3),
(12,'1954-12-06',5,1,1,4,'I like it',7),
(12,'1942-02-10',2,2,5,5,'I was never so happy',12),
(12,'1945-09-29',2,2,5,5,'I like it',9),
(12,'1985-09-08',5,1,5,1,'I was never so happy',11),
(12,'1966-09-10',4,4,4,2,'I like it',2),
(12,'1970-12-17',5,3,4,3,'It was bad',10),
(13,'1943-04-19',2,2,5,2,'I like it',3),
(13,'1953-11-29',3,2,4,5,'It was bad',1),
(13,'1998-09-22',5,2,5,2,'It was bad',6),
(13,'1952-06-29',5,3,5,2,'It was bad',3),
(13,'1992-02-18',4,2,4,4,'It was bad',12),
(13,'1975-09-01',4,2,5,3,'It was bad',5),
(13,'1959-01-12',4,4,4,1,'It was bad',6),
(13,'1942-12-09',3,2,1,2,'I like it',8),
(13,'1946-01-05',3,1,2,1,'It was bad',4),
(13,'1993-08-28',3,1,5,3,'How can you not love this place',8)
;insert into ottawaspoon.location(locationId,open_Date,manager,phone,address,hours_open,hours_close,restaurantID) values(1,'1999-02-05','HisName','3431249817','12 Hopekin',2,13,7),
(2,'2006-01-26','Donald','613whattoDO','12 Hopekin',8,21,11),
(3,'1951-12-29','Parami','342329387432222hi','33 Bronson',7,24,11),
(4,'2003-08-21','Parami','613whattoDO','34 Johnson',11,21,9),
(5,'1969-12-06','Steve','613whattoDO','12 Eldgin',10,13,6),
(6,'1953-05-26','Robin','613whattoDO','33 Bronson',11,24,6),
(7,'1968-11-11','Barbara','613whattoDO','12 Hopekin',6,19,1),
(8,'1955-08-31','Baraque','613whattoDO','34 Johnson',1,16,9),
(9,'1958-08-20','Aleks','24981730','12 Eldgin',3,23,1),
(10,'1986-05-11','Artem','342329387432222hi','12 Hopekin',3,17,6),
(11,'1995-08-28','Just Batman','342329387432222hi','33 Bronson',12,19,5),
(12,'2003-09-29','Aleks','3431249817','33 Bronson',5,13,6)
;insert into ottawaspoon.MenuItem(itemID,name,type,category,description,price,restaurantID) values
(1,'ice on ice','beverage','desert','Try to eat me',31,3),
(2,'fish','food','starter','You can eat me',60,4),
(3,'rice','food','desert','You can eat me',66,7),
(4,'rice','beverage','desert','You are dead',35,7),
(5,'bear with beer','beverage','desert','You can eat me',25,12),
(6,'rice','beverage','starter','Try to eat me',25,3),
(7,'rice','beverage','main','Try to eat me',58,10),
(8,'fish','beverage','desert','You can eat me',56,12),
(9,'meat','beverage','main','You can eat me',52,12),
(10,'pear','food','desert','Try to eat me',85,5),
(11,'bear with beer','beverage','desert','Try to eat me',34,6),
(12,'ice on ice','food','desert','Drink and you die',96,7),
(13,'pear','beverage','desert','You are dead',7,4),
(14,'pear','food','desert','Drink and you die',83,11),
(15,'meat','food','starter','Try to eat me',2,7),
(16,'ice on ice','food','main','You are dead',15,3),
(17,'pear','food','main','You can eat me',60,4),
(18,'fish','beverage','main','You can eat me',70,7),
(19,'ice on ice','food','starter','Try to eat me',18,7),
(20,'ice on ice','food','main','You are dead',33,2),
(21,'ice on ice','beverage','desert','Drink and you die',13,2),
(22,'meat','beverage','main','Try to eat me',25,6),
(23,'ice on ice','food','main','Drink and you die',74,3),
(24,'bear with beer','beverage','desert','You are dead',72,3),
(25,'rice','food','desert','Drink and you die',44,11),
(26,'ice on ice','beverage','desert','Try to eat me',12,8),
(27,'ice on ice','beverage','starter','Drink and you die',41,2),
(28,'meat','beverage','desert','You are dead',21,11),
(29,'fish','food','starter','Drink and you die',62,5),
(30,'meat','food','desert','You are dead',40,10),
(31,'ice on ice','food','main','You are dead',23,5),
(32,'rice','food','starter','Try to eat me',53,5),
(33,'rice','beverage','main','Try to eat me',92,10),
(34,'rice','food','desert','You are dead',30,10),
(35,'bear with beer','food','main','Drink and you die',93,8),
(36,'ice on ice','beverage','main','You can eat me',11,2)
;insert into ottawaspoon.ratingItem(userId,date,itemID,itemRating,comment) values(4,'1993-08-27',5,2,'Tried and died'),
(3,'1950-08-14',1,2,'Love it'),
(7,'1971-01-04',22,2,'Seen people die trying'),
(13,'1975-09-01',26,2,'Seen people die trying'),
(2,'1953-11-27',1,4,'Tried and died'),
(2,'1946-12-26',17,1,'Tried and died'),
(13,'1992-02-18',20,4,'Seen people die trying'),
(3,'1994-01-30',36,3,'Tried and died'),
(12,'1966-09-10',3,4,'Tried and died'),
(12,'1942-02-10',2,4,'Love it')